sentence,sentiment,pred_sentiment,net_score
Circulation revenue has increased by 5 % in Finland and 4 % in Sweden in 2008 .,positive,positive,2
$MSFT SQL Server revenue grew double-digit with SQL Server Premium revenue growing over 30% http://stks.co/ir2F,positive,positive,3
"The item included restructuring costs of EUR1 .6 m , while a year earlier they were EUR13 .1 m. Diluted EPS stood at EUR0 .3 versus a loss per share of EUR 0.1 .",positive,negative,-2
$AAPL afternoon selloff as usual will be brutal. get ready to lose a ton of money.,negative,negative,-2
"According to Finnish pension insurance company Varma , Varma was the recipient of over two thirds of the revenue of the earnings-related pension cover that was under competitive tendering in Finland .",positive,positive,2
$VIPS similar pattern like beginning of May. Did u sell? Same now..will go up much higher after this drop.,positive,negative,-2
"The Brazilian unit of Finnish security solutions provider F-Secure signed up 1,500 new clients last year , online news source Reseller Web quoted the division 's commercial director , Vladimir Brand+úo , as saying .",positive,positive,2
"Dealers said the share was largely hit by investor disappointment about a refining margin of just 9.48 usd per barrel for the quarter and the performance of its shipping unit , which saw EBIT drop to 5 mln eur from 20 mln eur a year amid a fall in volumes and tanker rates .",negative,negative,-2
"In September 2010 , the Finnish group agreed to buy Danish company Rose Poultry A-S for up to EUR23 .9 m in a combination of cash and stock .",positive,positive,2
"UPM-Kymmene Corp. , the world 's largest maker of magazine paper , on Tuesday reported a 19-percent profit drop as lower paper prices , higher costs and a strong euro hurt revenue .",negative,positive,2
"$TYC just about to break out to new highs, lots of technicals looking great right now.",positive,positive,2
"Whats up with $LULU?  Numbers looked good, not great, but good.  I think conference call will instill confidence.",neutral,positive,2
"4 February 2011 - Finnish broadband data communication systems provider Teleste Oyj HEL : TLT1V said Wednesday its net profit rocketed to EUR4 .8 m in 2010 from EUR416 ,000 in 2009 and it lifted its dividend proposal .",positive,positive,2
Coke dividend - 3%. Google dividend - 0%. For passive income Coke takes it. $GOOG $KO https://t.co/QBsoWjxOST,neutral,positive,2
$CTRP  breaking out here on good vol and a parser buy signal  ..noticed this on bob langs comments looking for 48 fast,positive,positive,2
"Sales in Finland decreased by 10.5 % in January , while sales outside Finland dropped by 17 % .",neutral,negative,-2
"Both operating profit and net sales for the three-month period increased , respectively from EUR16 .0 m and EUR139m , as compared to the corresponding quarter in 2006 .",positive,positive,2
"Commission income increased by 22 % to EUR 4.4 mn , and lending volume rose by 13.5 % .",positive,positive,2
Kazgiprotsvetmet and Outotec Finland have signed an agreement on strategic cooperation in the marketing and providing of minerals processing and metallurgical plants and related services in Kazakhstan and the surrounding countries .,positive,positive,2
The pretax profit of the group 's life insurance business increased to EUR36m from EUR27m .,positive,positive,2
Technical indicators for the stock are bullish and S&P gives NOK a positive 4 STARS out of 5 buy ranking .,positive,positive,3
The company also said that in Poland a profitability program has been launched at the Oborniki steel frame and sandwich panel plant .,positive,positive,2
Tesco sales rise shows tentative recovery continues,positive,positive,2
$NUAN held up well after the big gains! Maybe we're finally on the move on this!!its still very undervalued and has major upside,positive,positive,2
Pretax loss totaled EUR 117mn compared to a loss of EUR 65mn in the corresponding period .,neutral,negative,-2
Slump in Weir leads FTSE down from record high,negative,positive,2
"The dividend is payable on February 1 , 2010 to shareholders of record on January 19 , 2010 .",neutral,positive,2
"Sales in Finland decreased by 10.5 % in January , while sales outside Finland dropped by 17 % .",negative,negative,-2
"KESKO CORPORATION STOCK EXCHANGE RELEASE 28.02.2008 AT 09.30 1 ( 1 ) Kesko Corporation and Aspo plc today signed an agreement by which Aspo acquires the share capital of Kauko-Telko Ltd , a subsidiary wholly owned by Kesko .",positive,positive,2
"In the autumn , it plans to expand service to St. Petersburg and Moscow and launch service to Yekaterinburg , Russia , flying there three times a week .",positive,positive,2
The Federal Secretary for Transport and Communication of Mexico has awarded Poyry and its Mexican partner Sintra a consulting contract in connection with the Buenavista-Cuautitlan suburban railway .,positive,positive,2
"$DGI technical alerts: Gilligan's Island Buy Setup, Stochastic Buy Signal, Lizard Bullish, Hammer Candlestick, Wid... http://stks.co/c29Nu",positive,positive,3
"The record date for dividend distribution is March 14 , 2008 .",neutral,positive,2
Finnish metal industry solutions supplier Outotec Oyj net profit rose to 50.4 mln euro ( $ 72.5 mln ) for the first nine months of 2007 from 20.1 mln euro ( $ 28.9 mln ) for the same period of 2006 .,positive,positive,2
"For the first nine months of 2010 , the company 's net profit rose to EUR41m from EUR30m for the corresponding period of 2009 .",positive,positive,2
Shire Sees Baxalta Deal Closing as Expected After New Rules,positive,positive,2
Operating profit rose to EUR 1.6 mn from EUR 1.1 mn in the corresponding period in 2006 .,positive,positive,2
"Strongest growth was seen in the new markets in Russia , the Czech Republic , and Slovakia .",positive,positive,2
"Trading in the new shares , which have right to dividends and other distributions of funds , will start on the exchange in Helsinki tomorrow .",neutral,positive,2
"Finnish software developer Basware Oyj said on November 30 , 2006 its U.S. subsidiary Basware , Inc. won an order to provide software for contract lifecycle management to an unnamed U.S. medical technology company .",positive,positive,2
"Theodosopoulos said Tellabs could be of value to Nokia Siemens or Nortel given its `` leading supply status '' with Verizon , along with high-growth products .",positive,positive,2
With the new production plant the company would increase its capacity to meet the expected increase in demand and would improve the use of raw materials and therefore increase the production profitability .,positive,positive,5
"Finnish-owned contract manufacturer of electronics Elcoteq Hungary Kft has announced plans to recruit more than 650 new staffers to fulfill new orders in P+®cs , where the company has two plants .",positive,positive,3
"CompaniesTravis Perkins lifts dividend, earnings rise 15%",positive,positive,3
"Okmetic 's products are based on high-tech expertise that generates added value for customers , innovative product development and an extremely efficient production process .",positive,positive,2
$SAVE breaking it's downtrend line on increasing volume. A move above 20.57 could see more upside. http://stks.co/l8y4,positive,positive,2
Why Alphabet Inc was just upgraded to buy https://t.co/dEVnLKhqtZ $GOOGL,positive,positive,2
"The metal has gained 41 percent this year as demand from China , the world 's largest user , increased .",positive,positive,2
"With the extension of the new contract for a further eight engines , the plant will now produce over 100 MW , it said .",positive,positive,2
"Viking Line 's cargo revenue increased by 5.4 % to EUR 21.46 mn , and cargo volume increased by 2.4 % to 70,116 cargo units .",positive,positive,3
Incap Contract Manufacturing Services Private Limited has inked agreements with six new customers in India .,positive,positive,2
Eli Lilly & Co. (LLY) Has Broken Out To A New High On AstraZeneca Collaboration,positive,positive,2
"$HSC Receives 7-Year, $50M Contract at New Saudi Arabian Steel Mill",positive,positive,2
"Both operating profit and net sales for the three-month period increased , respectively from EUR15 .1 m and EUR131 .5 m , as compared to the corresponding period in 2005 .",positive,positive,2
Finnish Outokumpu Technology has been awarded several new grinding technology contracts .,positive,positive,2
`` The announced investment of the carmaker Hyundai for example sounds optimistically for us as of course new cars mean new tires . '',positive,positive,2
"Finnish IT solutions provider Affecto Oyj said today that it has won a frame contract , valued at some EUR2m , to implement the next phase of its insurance application for South African Mutual & Federal Insurance Company Limited M&F .",positive,positive,2
Added more $BBBY @jimcramer is wrong about this one. Still a very profitable merchant with profitable stores,positive,positive,2
$OSUR up 33% since 6/25 buy signal. resistance 5.33 - expect 1. pullback 2nd half of day or 2. break abov 5.33 & continue rally for 4-5 days,positive,positive,2
"The contract consists of a new building with an area of 18,000 sq m and renovation of the existing buildings .",neutral,positive,2
Persimmon share price climbs on 23% rise in full-year revenue,positive,positive,2
"The new facility , to be known as Technopolis Pulkovo , will introduce to the Russian market an entirely new concept of creating , operating and growing a commercially-funded science and technology park to support the growth of knowledge-intensive companies .",neutral,positive,3
"The company also said on November 16 , 2006 its Real Estate Fund I Ky signed an agreement with Finnish window maker Fenestra Oy to build a window plant in Forssa , southern Finland .",positive,positive,2
"In the third quarter , net sales increased by 12 % year-on-year to EUR 159.5 million , or by 6 % at comparable currency rates growth .",positive,positive,2
Operating profit increased by 145.1 % to EUR 8.3 mn from EUR 3.4 mn .,positive,positive,2
Operating profit rose to EUR 3.11 mn from EUR 1.22 mn in the corresponding period in 2009 .,positive,positive,2
Operating profit margin increased from 11.2 % to 11.7 % .,positive,positive,2
"The German company has also signed a code share agreement with another Oneworld member -- American Airlines Inc , part of US-based AMR Corp ( NYSE : AMR ) .",positive,positive,2
"Cooper SH , the UK distributor for lift equipment manufacturer Konecranes , won the five-year deal which involves low maintenance and fuel saving technologies .",positive,positive,2
"It's a bad idea to make 5 min predictions based on faith: RT @dandyduct $AAPL Sell signal hit at 584, it will go down for the next 5 min",negative,negative,-2
"When new types of network elements are added to the network , the conversion file is updated by adding the information required for converting the message format of the new network element type to the format understood by the management system .",neutral,positive,2
"UPDATE: Persimmon Profit Up Strongly, Outlook Positive",positive,positive,2
Total two offers were received by Contracting Authority for participating in this contract ; however the contract was allotted to Affecto Finland Oy .,neutral,positive,2
"Both operating profit and turnover for the nine-month period increased , respectively from EUR2 .4 m and EUR43 .8 m , as compared to the corresponding period a year ago .",positive,positive,2
Finnish metal products company Componenta Oyj net profit rose to 26.1 mln euro ( $ 35.9 mln ) for the first quarter of 2007 from 5.3 mln euro ( $ 7.3 mln ) for the same period of 2006 .,positive,positive,2
The new technology improves the glass quality and consistency while increasing throughput .,positive,positive,3
LONDON MarketWatch -- Nokia nok said it 's won a five-year services contract to run Hutchison Essar 's network operations in nine locations in India .,positive,positive,2
"@SOULLOR the regular scrappy Q $SWY usually presents. Sales weak, margins down, debt still way up.",negative,negative,-2
"The Australian company Mirabela Nickel has awarded Outokumpu Technology a contract for grinding technology for its nickel sulfide project in Bahia State , Brazil .",positive,positive,2
Tesco breaks its downward slide by cutting sales decline in half,positive,negative,-2
"Finnish retailer Stockmann has won approval from the board of Swedish rival Lindex for a public tender offer with the aim of expanding the companies ' presence in Russia and other CEE countries , Stockmann said Monday .",positive,positive,2
"In a release , the Company said that Vocollect T2 customers in North America can now take advantage of its Voice Directed Warehousing solution and increase warehouse efficiency and productivity gains at a discounted price .",positive,positive,2
"Finnish Metso Paper has been awarded a contract for the rebuild of Sabah Forest Industries ' ( SFI ) pulp mill in Sabah , Malaysia .",positive,positive,2
Ruukki forecast a 15-20 % annual sales growth and a positive pretax result for 2010 .,positive,positive,2
"Finland 's Nokian Tyres and Kazakhstan 's Ordabasy Corporation signed an agreement to build a plant in Astana to produce car tires , Ordabasy chairman Dinmukhamet Idrisov said at a press conference .",positive,positive,2
"The new agreement , which expands a long-established cooperation between the companies , involves the transfer of certain engineering and documentation functions from Larox to Etteplan .",positive,positive,2
"Despite sales growth, UK's Tesco cautions recovery to be bumpy",neutral,positive,2
"Both operating profit and net sales for the six-month period increased , respectively from EUR18 .1 m and EUR127 .6 m , as compared to the corresponding period in 2006 .",positive,positive,2
First quarter underlying operating profit rose to 41 mln eur from 33 mln a year earlier .,positive,positive,2
Royal Dutch Shell profit rises; dividend up 4%,positive,positive,2
"Meanwhile , Electrowatt-Ekono Philippines , Inc. was also awarded a three-year operation and maintenance ( O&M ) contract by FR Cement Corporation .",positive,positive,2
"18 May 2010 - Finnish electronics producer Elcoteq SE HEL : ELQAV said today that it has signed an extensive cooperation agreement on industrialisation , manufacturing , distribution and after-market services for mobile phones with Japan 's Sharp TYO : 6753 .",positive,positive,2
"Marimekko has today ( 20 November ) signed a license agreement with the Swedish chain , whereby Marimekko will license some of its popular patterns from the 1950s , 1960s and 1970s to H&M .",positive,positive,2
"Finnish telecoms software developer Tecnomen Oyj said on December 5 , 2006 it won a $ 3.3 mln ( 2.5 mln euro ) order to supply an expansion of the charging and messaging systems for the mobile and fixed networks of Brasil Telecom .",positive,positive,2
"Finland-based Elcoteq SE , a privately held provider of electronics manufacturing services to communications companies , said Thursday it signed a long-term manufacturing supply deal with communications equipment company Andrew Corp. .",positive,positive,2
"Operating profit for the nine-month period increased from EUR13 .6 m , while net sales increased from EUR394 .7 m , as compared to the corresponding period in 2005 .",positive,positive,3
"Separately , YIT Corporation and Austrian firm E AG last week signed an agreement on the sale of E 's building system service business in Germany , Austria , Poland , the Czech Republic , Hungary and Romania for EUR 55 mln .",positive,positive,2
Sales rose 10 pct to 566 mln eur on the back of strong volume and favourable currency effects .,positive,positive,2
"Turun kaupunkin , Finland based company has awarded contract to Lemminkainen Talotekniikka Oy for electrical installation work .",positive,positive,2
"Basware Corporation stock exchange release August 31 , 2010 at 16:25 Basware signed a large deal with an international industrial group Basware will deliver Invoice Automation solution and Connectivity Services to an international industrial group .",positive,positive,2
$isrg trading at all-time high after strong earnings report with 4 days of short interest.,positive,positive,3
"Operating profit of Kauppalehti group rose to EUR 1.5 mn from EUR 1.3 mn , and that of Marketplaces to EUR 1.3 mn from EUR 1.0 mn in the third quarter of 2006 .",positive,positive,2
"HELSINKI ( AFX ) - Shares closed higher , led by Nokia after it announced plans to team up with Sanyo to manufacture 3G handsets , and by Nokian Tyres after its fourth-quarter earnings report beat analysts ' expectations , dealers said .",positive,positive,2
"Whitbread Profit Up As Sales Continue To Rise, Looking For New CEO",positive,positive,3
"Tim Cockroft brings with him an excellent track record having more than 18 years experience ; moreover , Tim has successfully developed the Capital Markets operations at Kaupthing Singer & Friedlander involving corporate finance and broking with a focus on mid-market companies .",positive,positive,2
"The company 's net profit rose 11.4 % on the year to 82.2 million euros in 2005 on sales of 686.5 million euros , 13.8 % up on the year , the company said earlier .",positive,positive,2
"A purchase agreement for 7,200 tons of gasoline with delivery at the Hamina terminal , Finland , was signed with Neste Oil OYj at the average Platts index for this September plus eight US dollars per month .",positive,positive,2
"Progress Group , QPR 's representative in Saudi Arabia and North Africa , has signed a framework agreement for a long term strategic relationship with ISE .",positive,positive,2
"The pine oil project is related to the upgrade of the chemical recovery plant of UPM at its pulp mill in Kymi , southern Finland .",neutral,positive,2
"Based upon its unique fiber expertise and innovative approach , the company has a strong market position in several business areas in which it operates .",positive,positive,2
BRIEF-Aviva aims to increase dividend pay-out ratio to 50 pct in 2017,positive,positive,2
Operating profit improved by 27 % to EUR 579.8 mn from EUR 457.2 mn in 2006 .,positive,positive,2
Finnish OKO bank has signed a cooperation agreement with Raiffeisen concerning Finnish companies ' investments in Russia .,positive,positive,2
G4S sees profits rise but UK contract problems remain,positive,positive,3
"In the third quarter , net sales increased by 12 % year-on-year to EUR159 .5 m , or by 6 % at comparable currency rates growth .",positive,positive,2
Sponda will record a profit from the sale of 8.5 mln euro ($ 12.4 mln).,positive,positive,2
Poyry has a good track record of major transportation projects in Latin America .,positive,positive,2
UK's FTSE has worst day so far in 2015 as BG and Prudential fall,negative,negative,-2
- Operating profit rose by 26.9 % to EUR 105.8 ( 83.4 ) million .,positive,positive,2
"According to the company 's updated strategy for the years 2009-2012 , Basware targets a long-term net sales growth in the range of 20 % -40 % with an operating profit margin of 10 % -20 % of net sales .",positive,positive,2
"Dubai Nokia has announced the launch of `` Comes with Music '' , its ground-breaking service which introduces a new way for people to enjoy music .",positive,positive,2
"( ADP News ) - Oct 1 , 2008 - Finnish consulting and engineering company Poyry Oyj ( OMX : POY1V ) said today it was awarded a EUR 5.2 million ( USD 7.4 m ) extension to their existing consultancy engineering contract with Venezuel",positive,positive,2
"In Finland , insurance company Pohjola and the Finnish motorcyclist association have signed an agreement with the aim of improving motorcyclists ' traffic safety .",positive,positive,3
Operating profit rose to EUR 103.4 mn from EUR 23.2 in the corresponding period in 2006 .,positive,positive,2
"In the second quarter of 2010 , the group 's net profit rose to EUR3 .1 m from EUR2 .5 m in April-June 2009 .",positive,positive,2
"Finnish steel maker Rautaruukki Oyj ( Ruukki ) said on July 7 , 2008 that it won a 9.0 mln euro ( $ 14.1 mln ) contract to supply and install steel superstructures for Partihallsforbindelsen bridge project in Gothenburg , western Sweden .",positive,positive,2
"Both operating profit and turnover for the six-month period increased , respectively , from EUR17 .6 m and EUR1149 .9 m , as compared to the corresponding period in 2007 .",positive,positive,2
"Operating profit for the nine-month period increased from EUR3 .1 m and net sales increased from EUR61 .5 m , as compared to the corresponding period in 2007 .",positive,positive,3
The new B shares carry the right to dividend and other shareholder rights with effect from today .,neutral,positive,2
"Cencorp estimates that its net sales in the last quarter will be as earlier stated , EUR4 .3 m to EUR5 .0 m , and operating profit (EBIT)is estimated to be positive .",positive,positive,2
Ruukki Group calculates that it has lost EUR 4mn in the failed project .,neutral,negative,-2
"Uponor made an operating profit of EUR 151.0 mn , up from EUR 143.7 mn , which made 2007 a record year .",positive,positive,2
"Global sports equipment maker Amer Sports Corp. , whose brands include Atomic , Salomon and Wilson , saw a 64 percent increase in third-quarter net profit to EURO 47.4 million $ 65 million on strong sales and cost cuts .",positive,positive,2
"Both operating profit and net sales for the nine-month period increased , respectively by 26.6 % and 3.4 % , as compared to the corresponding period in 2006 .",positive,positive,2
"AP: Caterpillar posts 60 percent jump in 4Q profit on steep global sales increase, tops Wall St. view > $CAT",positive,positive,2
"The steelmaker said that the drop in profit was explained by the continuing economic uncertainty , mixed with the current drought in bank lending , resulting in a decline in demand for its products as customers find it increasingly difficult to fund operations .",negative,negative,-2
1 February 2011 - Finnish textile and clothing company Marimekko Oyj HEL : MMO1V said today its preliminary operating profit grew to EUR8 .2 m in 2010 from EUR6 .3 m in 2009 .,positive,positive,2
$AVGO great growth stk &  also raised dividend . clearly a great investment http://stks.co/r2F3h,positive,positive,4
"Wartsila won the contract in October 2007 and the plant will be installed at Manturovo in the Kostroma region of Russia , about 600 km northeast of Moscow , Russia .",positive,positive,2
"Operating loss totalled EUR 5.2 mn , compared to a loss of EUR 3.4 mn in the corresponding period in 2008-2009 .",negative,negative,-2
"For 2009 , net profit was EUR3m and the company paid a dividend of EUR1 .30 apiece .",neutral,positive,2
Finnish office supplies and computer accessories dealer Beltton-Group Plc said its net profit rose to 1.3 mln euro ( $ 1.7 mln ) in 2006 from 1.13 mln euro ( $ 1.5 mln ) in 2005 .,positive,positive,2
"( ADP News ) - Dec 11 , 2008 - Finnish construction and engineering company Outotec Oyj ( OMX : OTE1V ) said today it won a EUR 28 million ( USD 36.8 m ) order to expand the phosphate concentrator in Siilinjarvi of Norwegian minera",positive,positive,2
"Pretax profit rose to EUR 1,019 mn from EUR 1,007 in the corresponding period in 2005 .",positive,positive,2
Pretax profit rose to EUR 17.8 mn from EUR 14.9 mn in 2005 .,positive,positive,2
Revenue grew 12 percent to (  x20ac ) 3.6 billion ( US$ 4.5 billion ) .,positive,positive,2
"Both operating profit and sales for the three-month period increased , respectively from EUR0 .3 m and EUR13 .1 m , as compared to the corresponding period in 2005 .",positive,positive,2
ABB Deutsche Bank upgraded its recommendation on Swiss-Swedish engineering group ABB Ltd. to ` Buy ' from ` Hold ' .,positive,positive,2
"Citigroup , Inc ( NYSE : C ) has announced that its Global Transaction Services ( GTS ) business has been awarded a new mandate by Finland-based Pohjola Bank Group .",positive,positive,2
"Nokia 's share price fell less than one percent to 18.70 euros ( $ 25.41 ) in Helsinki , while Siemens shares fell 1.02 percent to 90.19 euros ( $ 122.57 ) in Frankfurt .",negative,negative,-2
Revenue grew 1 percent to euro742 .2 million US$ 964 million from euro735 million .,positive,positive,2
"LKAB , headquartered in Lulea , Sweden , is a high-tech mining company producing upgraded iron ore products for the steel industry .",neutral,positive,2
Nordea sees a return to positive growth for the Baltic countries in 2011 .,positive,positive,2
ALERT: New MACD signal created on $CTXS - Buy at 77.09 - Time: 18:23 - Strength: 10. Powered by https://t.co/4TdgjEDLLZ,positive,positive,3
The stock rose for a second day on Wednesday bringing its two-day rise to GBX12 .0 or 2.0 % .,positive,positive,2
Operating profit excluding non-recurring items increased by 27 % to EUR 81.9 mn from EUR 64.4 mn in the corresponding period in 2008 .,positive,positive,2
Finnish Bank of +àland 's consolidated net operating profit increased from EUR 4.8 mn in the first quarter of 2005 to EUR 6.4 mn in the first quarter of 2006 .,positive,positive,2
Under the contract Cramo Sverige and its subcontractor Brinkab AB will provide all scaffolding installations at LKAB 's new pellets plant in Kiruna in northern Sweden .,positive,positive,2
RT @jan $ARNA Don't think buyout rumor strong enough too be driving this up just yet...when it is this may fly like aapl...// fly how high?,neutral,positive,2
The electricity requirement of networks will grow with the new mobile generation .,neutral,positive,2
"The contract covers the supply of temporary heating equipment for LKAB 's new pellet plant in Kiruna , in northern Sweden .",neutral,positive,2
"This new deal has strengthened the partnership from Telemig Celular and Tecnomen , which it has started since the beginning of Telemig 's prepaid operations .",positive,positive,3
"Konecranes Oyj KCR1V FH fell 5.5 percent to 20.51 euros , the biggest fall since June .",neutral,negative,-2
"Shares of Standard Chartered ( STAN ) rose 1.2 % in the FTSE 100 , while Royal Bank of Scotland ( RBS ) shares rose 2 % and Barclays shares ( BARC ) ( BCS ) were up 1.7 % .",positive,positive,2
"As a result , the company currently anticipates net sales to increase and the operating result to be positive .",positive,positive,2
Commented on It's Time To Embrace Dividend Growth https://t.co/wc2qfP79TN $ABBV $CSCO $WYN,positive,positive,2
"Affecto will provide a new EFI Data Warehouse and reporting solution , behavioural scoring system supporting operational decision processes and Data Migration from old legacy systems to the new EFI system .",neutral,positive,2
Total operating revenue grew by 27.6 % year-on-year to EUR61m .,positive,positive,2
"Based on strong customer interest and feedback , using RPM mobile phone manufacturers , operators , enterprises and developer forums can significantly increase their product and service quality , user-experience and cost-efficiency '' , Tulonen continues .",positive,positive,2
$AMZN long into earnings. looks good over 600,positive,positive,2
"Thanks to his wide contact network and good knowledge of market and business environment , he will give a great contribution to the further development of our Indian operations '' , tells Incap 's President & CEO Juhani Hanninen .",positive,positive,2
"Of the sales price , a sales gain of some 3.1 mln euro ( $ 4.5 mln ) will be recognized in Incap 's earnings for 2007 .",positive,positive,2
"$ATVI ooks pretty bullish for now. from a short-term perspective, it's got a good chance of maybe sliding back to 33.70 #stocks #investing",positive,positive,2
The operating profit for Grain Trading increased to EUR 2.0 mn from EUR 1.4 mn in 2005 .,positive,positive,2
"Cablevision Systems Corp. CVC Their Madison Square Garden division owns and operates the New York Knickerbockers basketball team ; they also own the Madison Square Garden Arena , the New York Rangers hockey team , the New York Liberty women 's basketball team , and the Hartford Wolf Pack hockey team .",neutral,positive,3
"Sales in Finland decreased by 2.0 % , and international sales decreased by 9.3 % in terms of euros , and by 15.1 % in terms of local currencies .",negative,negative,-2
The expansion aims to attract new customers both in Finland and abroad .,positive,positive,2
"The order consists of capacity expansion , maintenance services and new charging functionality , the company said .",neutral,positive,2
"$WAC trade continuing very nicely from yesterday, almost up $3 from yesterday entry, deal pricing tonight looking very strong here... $SPY",positive,positive,2
Exact (EXAS) Flagged As Strong On High Volume $EXAS http://stks.co/r26Ra,positive,positive,2
"HELSINKI Thomson Financial - Shares closed little changed , with Cargotec and Huhtamaki dropping sharply on disappointing second-quarter reports .",neutral,negative,-2
"For Q2 2010 , consolidated earnings before tax totaled EUR4 .5 m , compared to EUR3 .9 m , and net profit was EUR3 .2 m , compared to EUR2 .9 m in the previous year .",positive,positive,2
"Apple expected to launch new iPhone, iPad today $AAPL https://t.co/XfnICWeBeG",positive,positive,2
"With the launch of new 3G handsets , Nokia aims to become the winner in China 's 3G market as it did in the 2G market .",positive,positive,2
"Outotec said it won new orders worth 492.9 mln eur during the quarter , compared with 240.4 mln eur a year earlier .",positive,positive,2
Ruukki announced that it has signed an agreement with Aker Solutions of Norway to supply 24 suction anchors in September 2010 from its Kalajoki unit in Finland .,positive,positive,2
Priceline's stock jumps to new high for the year after Barclays upgrade,positive,positive,3
"`` Following last year 's good profit development , we have entered the current year in a good position .",positive,positive,3
"Sales in Latin America increased by 42 % to EUR 432mn , and a total of 8.7 mn mobile devices were sold in the area , representing an increase of 32 % from the corresponding period in 2009 .",positive,positive,2
The announced restructuring will significantly decrease the Company 's indebtedness .,positive,negative,-2
"The new company will likely hold an IPO on the NYSE or another international stock exchange , according to Altimo which manages the Alfa Group 's telecommunications assets and TeliaSonera 's agreement , which has been published on the website of the U.S. Securities and Exchange Commission .",neutral,positive,2
Pretax loss totaled EUR 117mn compared to a loss of EUR 65mn in the corresponding period .,negative,negative,-2
"The contract also includes installation work in a new multistorey carpark for close on 1,000 vehicles .",neutral,positive,2
"The deal includes the entire personnel of PlanMill Oy , who will transfer to the new company as so-called old employees .",neutral,positive,2
"Earnings per share for January-June 2010 were EUR0 .30 , an increase of 20 % year-on-year EUR0 .25 .",positive,positive,2
YIT Construction and the town of Riihim+ñki have signed a lease contract whereby the town will occupy the Travel Centre office facilities .,positive,positive,2
ALERT: New RSI signal created on $COST - Buy at 148.78 - Time: 14:19 - Strength: 10. Powered by https://t.co/MhOBzU3Rmx,positive,positive,3
Shares of Nokia Corp. rose Thursday after the cell phone maker said its third-quarter earnings almost doubled and its share of the global handset market increased .,positive,positive,3
"( ADP News ) - Feb 12 , 2009 - Finnish IT solutions provider Affecto Oyj ( HEL : AFE1V ) said today its net profit rose to EUR 8.5 million ( USD 11m ) in 2008 from EUR 7 million in 2007 .",positive,positive,2
Both the net sales and operating profit were record high in the company 's history .,positive,positive,3
"Both operating profit and net sales for the six-month period increased , respectively from EUR0 .4 m and EUR3 .2 m , as compared to the corresponding period in 2005 .",positive,positive,2
TELECOMWORLDWIRE-7 April 2006-TJ Group Plc sells stake in Morning Digital Design Oy Finnish IT company TJ Group Plc said on Friday 7 April that it had signed an agreement on selling its shares of Morning Digital Design Oy to Edita Oyj .,positive,positive,2
The new policy was also aimed at making the companies more profitable and competitive .,positive,positive,2
$ETN UPGRADE today by MS to overweight.  Excellent company and leadership,positive,positive,2
"HK Ruokatalo now accounts for about 50 % of poultry sales in Finland , and profitability is at a good level .",positive,positive,2
New recommendation from Carl Kirst of BMO Capital Markets for $WMB is BUY.Price target is $62:http://stks.co/t0S0r,positive,positive,2
"Turnover surged to EUR61 .8 m from EUR47 .6 m due to increasing service demand , especially in the third quarter , and the overall growth of its business .",positive,positive,2
Sales increased due to growing market rates and increased operations .,positive,positive,2
$NSM ascending base breakout starting to gain traction; strong stock http://stks.co/gBSH,positive,positive,2
"The dividend will be paid on April 15 , 2008 to each of the shareholders who on the record date of April 8 , 2008 have been entered in the list of shareholders kept by the Finnish Central Securities Depository Ltd. .",neutral,positive,2
"`` Lining stone sales were also good in the early autumn , and order books are strong to the end of the year .",positive,positive,2
"Fiskars , the World 's  1 Scissors Brand TM , recently won Learning -« Magazine 's 2011 Teachers ' Choice Award for the Classroom .",positive,positive,2
"Estonian telecoms company Elisa 's customer numbers cross 400,000 TALLINN , Oct 22 , BNS - The Estonian telecommunications company Elisa won approximately 50,000 new clients in the nine months of this year , bringing the number to 401,800 by the end of September , the company said .",positive,positive,2
Net sales increased to EUR193 .3 m from EUR179 .9 m and pretax profit rose by 34.2 % to EUR43 .1 m. ( EUR1 = USD1 .4 ),positive,positive,3
Operating profit in the fourth quarter went down to EUR3m from EUR4 .2 m for the corresponding period of 2009 as it included costs of growth projects .,neutral,positive,2
Imperial Tobacco Adds Quarterly Dividends After Profit Rose,positive,positive,3
"Aspo Plc STOCK EXCHANGE RELEASE February 11 , 2011 at8 .45 a.m. ESL Shipping Ltd , part of Aspo Group , has signed a new , long-term contract with Rautaruukki Corporation for the marine transport of raw materials on the Baltic Sea .",positive,positive,3
UPDATE 1-Lloyds to cut 945 jobs as part of 3-year restructuring plan,negative,negative,-2
"`` After a long , unprofitable period the Food Division posted a profitable result , which speaks of a healthier cost structure and a new approach in business operations , '' Rihko said .",positive,positive,2
The agreement strengthens our long-term partnership with Nokia Siemens Networks .,positive,positive,2
Finnish Outotec has been awarded a contract to supply a new zinc roaster with gas cleaning and sulphuric acid plant for the OZK Kardzhali zinc smelter in Bulgaria .,positive,positive,3
"Pretax loss totalled EUR 49.9 mn , compared to a loss of EUR 15.4 mn in the corresponding period in 2008 .",negative,negative,-2
The company now estimates its net sales in 2010 to increase considerably from 2009 and its operating result to be clearly positive .,positive,positive,2
Diluted earnings per share ( EPS ) rose to EUR 0.52 versus EUR 0.09 .,positive,positive,2
Travis Perkins Hikes Dividend 20% As Profit And Revenue Rise,positive,positive,4
The earnings in the comparative period included a capital gain of EUR 8mn from the sale of OMX shares .,neutral,positive,2
Operating profit rose to EUR 3.2 mn from EUR 1.0 mn in the corresponding period in 2008 .,positive,positive,2
"The agreement was signed with Biohit Healthcare Ltd , the UK-based subsidiary of Biohit Oyj , a Finnish public company which develops , manufactures and markets liquid handling products and diagnostic test systems .",positive,positive,2
Finland 's Poyry Energy has won a contract to advise builders of a new cogeneration power plant in Lithuania 's second-biggest city of Kaunas and to supervise the construction process .,positive,positive,3
"Also, BMO had just initiated $incy with an outperform yesterday, while several other firms all reiterated buy ratings.",positive,positive,2
"The company said that its investments in the new market areas resulted in sales increase in Sweden , Poland , Russia and Lithuania .",positive,positive,2
"The new Kroksberg railway tunnel will be built on a new section of track between Harnosand and Veda , forming part of the line that follows the coast of the Gulf of Bothnia .",neutral,positive,2
"Both operating profit and net sales for the 12-month period increased , respectively from EUR10 .5 m and EUR28 .8 m , as compared to the financial year 2004 .",positive,positive,2
The aim is an annual improvement in Ruukki Construction 's operating profit of more than EUR 3 million USD 4.1 m starting in 2009 .,positive,positive,2
Profit taking on $AAPL this morning?  That has to be the pressure on the stock.  I'm still bullish on $AAPL.,positive,positive,2
$HCP Come to the party and buy this -gonna give solid gains and a dividend $$$$$$,positive,positive,3
He said things will be different when new Finnish nuclear power stations go into operation and the large hydro powered stations of northern Europe have a good year .,neutral,positive,2
"2nd raise this year.  ""@BVHealthcare: $QCOR Questcor Increases Quarterly Cash Dividend 20 Percent.. http://stks.co/goan""",positive,positive,2
Orion Pharma 's operating profit increased by 42.5 % from 2004 .,positive,positive,2
"Lule+Ñ municipality has awarded YIT a 2-year contract , for property management of about one third of the municipality 's properties , with a total area of 140,000 sq. metres .",positive,positive,2
Operating profit rose to EUR 4.7 mn from EUR 4.6 mn .,positive,positive,2
"Clothing retail chain Sepp+ñl+ñ 's sales increased by 8 % to EUR 155.2 mn , and operating profit rose to EUR 31.1 mn from EUR 17.1 mn in 2004 .",positive,positive,3
"`` In terms of profitability and earnings 2007 was the best year in our history , '' Chief Executive Veli-Matti Mattila said .",positive,positive,3
"` The stable outlook reflects Nokia 's strong market position in the global mobile handset market , strong cash flow generation , and very conservative balance sheet , ' said Raab .",positive,positive,2
- Net sales for the period are expected to fall well below that of last year and the result after non-recurring items is expected to be in the red .,negative,negative,-2
`` Marimekko aims to expand its distribution network primarily by increasing the number of concept stores and shop-in-shops .,neutral,positive,2
Randgold profit hit by poor gold price but dividend still increases,neutral,positive,2
"Pretax loss totalled EUR 49.9 mn , compared to a loss of EUR 15.4 mn in the corresponding period in 2008 .",neutral,negative,-2
Operating profit rose to 22.1 mln eur from 19.9 mln .,positive,positive,2
Operating profit increased to EUR 14.0 mn from EUR 4.9 mn in the corresponding period in 2005 .,positive,positive,2
Merrill Lynch analyst Campbell Morgan upgraded his recommendation on PaperlinX from `` neutral '' to `` buy '' in May .,positive,positive,2
The group 's 12-month operating profit grew 31 percent to 337.8 million euros .,positive,positive,2
"NORDIC BUSINESS REPORT-17 January 2006-Efore Plc inaugurates new plant in Estonia -® 1998-2006 M2 COMMUNICATIONS LTD Finnish power electronics manufacturer Efore Plc said on Tuesday ( 17 January ) that it was inaugurating its new plant in Parnu , Estonia .",neutral,positive,2
"As a result of these transactions , the aggregate holdings of Burrill Life Sciences Capital Fund , L.P. has decreased below 5 per cent of the total number of shares and votes of the Company .",negative,negative,-2
"Revenue in July to September grew 14 percent to ( EURO ) 467 million from a year earlier , the company said Thursday .",positive,positive,2
Shares in BAE Systems hit 10-month high on rating upgrade,positive,positive,2
Finnish Aktia Group 's operating profit rose to EUR 17.5 mn in the first quarter of 2010 from EUR 8.2 mn in the first quarter of 2009 .,positive,positive,2
21 October 2010 - Finnish fishing tackle company Rapala VMC Corp ( HEL : RAP1V ) said today its net profit rose to EUR18 .9 m for the first nine months of 2010 from EUR15 .1 m for the same period a year earlier .,positive,positive,2
25 March 2011 - Finnish electronics contract manufacturer Scanfil Oyj HEL : SCF1V said today its plan to merge wholly owned Scanfil EMS Group with Ojala-Yhtyma Oy has hit a snag as shareholders of the domestic rival rejected the deal .,neutral,positive,2
$UTSI http://stks.co/15uR Long setup. Reported very good earnings.,positive,positive,2
$AAPL Beat the estimates. Will still go down on lack of new products. https://t.co/sX3z7u6N8o,negative,positive,2
Biohit already services many current Genesis customers and the customer base is expected to expand as a result of this agreement .,positive,positive,2
"@StockTwits: @Kbkiwi: $TSLA Tesla Model S sales exceed target, profitability guidance amended upward: http://stks.co/jQ0w""""",positive,positive,2
$RSH - looking for first profitable quarter in 3 years!!!  ;).  LONG & STRONG,positive,positive,2
Operating profit of the Asian plants grew markedly .,positive,positive,2
"`` UPM 's deliveries increased during the third quarter by 4 percent , and the efficiency of operations improved , '' Chief Executive Jussi Pesonen said .",positive,positive,2
$SMH got a sell signal on 6/4 and needs to take out 39.28 to go higher otherwise headed lower than 37.60 gap below at 35.38,negative,negative,-2
Operating profit improved to EUR 20.3 mn from EUR 11.4 mn .,positive,positive,2
"Both operating profit and net sales for the 12-month period increased , respectively from EUR21 .5 m and EUR196 .1 m , as compared to 2005 .",positive,positive,2
for @vnoto74 to follow:  after a SELL signal by $NDX internals [06/23] ~> technical SELL $QQQ [06/25] ~> DOWN,negative,negative,-2
"efficiency improvement measures 20 January 2010 - Finnish stationery and gift retailer Tiimari HEL : TII1V said today that it will continue to improve its operational efficiency , by focusing on its profitable core operations .",positive,positive,2
"UPM-Kymmene Corp. , the world 's largest maker of magazine paper , on Tuesday reported a 19-percent profit drop as lower paper prices , higher costs and a strong euro hurt revenue .",neutral,positive,2
"Fortum is looking to invest in several new production units , including a new waste-fired unit at its Brista combined heat and power ( CHP ) plant and a biofuels-based production unit at Vartan CHP plant .",neutral,positive,2
15 December 2010 - Finnish-German telecoms equipment maker Nokia Siemens Networks said today it won a contract to upgrade the radio network of home-based telecommunications company Elisa Oyj HEL : ELI1V .,positive,positive,3
Finnish Aldata Solution has signed a contract of supply its G.O.L.D. system to two French retail chains .,positive,positive,2
Loss after taxes amounted to EUR 1.2 mn compared to a loss of 2.6 mn .,positive,negative,-2
AstraZeneca wins FDA approval for key new lung cancer pill,positive,positive,2
The loss for the third quarter of 2007 was EUR 0.3 mn smaller than the loss of the second quarter of 2007 .,positive,negative,-2
Sales in Finland rose by 3.9 % and international growth was 0.7 % .,positive,positive,2
"`` With this agreement , we can continue our good cooperationand at the same time release capital that has been tied up in ourmachinery operation .",positive,positive,2
HELSINKI AFX - Outokumpu Technology said it has signed a 3.5 mln eur agreement with Mongolia 's Erdenet Mining Corporation for the engineering of the first HydroCopper plant to be built at the Erdenet mine site .,positive,positive,2
"For 2009 , net profit was EUR 3 million and the company paid a dividend of EUR 1.30 apiece .",neutral,positive,2
Nordea Pankki Suomi Oyj 's ownership in Stonesoft Corporation has decreased below 1-20 .,neutral,negative,-2
"3 February 2011 - Finnish broadband data communication systems provider Teleste Oyj HEL : TLT1V said yesterday its net profit rocketed to EUR4 .8 m in 2010 from EUR416 ,000 in 2009 and it lifted its dividend proposal .",positive,positive,2
"STX Finland Oy signed a a preliminary agreement for the building of an environmentally friendly , new generation cruise ferry for Viking Line to manage on between Turku , Finland , and Stockholm , Sweden withViking Line ABP .",positive,positive,3
"In April 2010 , Olvi 's range of ciders will expand with a strawberry-rhubarb and an apple-pear cider in green bottles with a new shape .",neutral,positive,2
The stock rose for a third day on Tuesday bringing its three-day rise to GBX10 .50 or 1.8 % .,positive,positive,2
$ROST Ross Stores Upgraded to Outperform at RBC Capital Markets http://stks.co/j0Q9t,positive,positive,2
"$RIG whos ever pushing this is crazy, get ready for suspended dividend (turning into growth stock) blow out earnings, and major buyback, lol",neutral,positive,3
"Dealers said the share was largely hit by investor disappointment about a refining margin of just 9.48 usd per barrel for the quarter and the performance of its shipping unit , which saw EBIT drop to 5 mln eur from 20 mln eur a year amid a fall in volumes and tanker rates .",neutral,negative,-2
Bunzl Lifts Dividend Again As Acquisitions Continue To Boost Profits,positive,positive,2
"`` Nokia 's Calling All Innovators Africa competition has been specifically launched to enable developers to create locally relevant , best-of-breed mobile applications . ''",positive,positive,2
"As a condition to the deal , Savcor Alfa has to have bought Photonium and Akseli Lahtinen Inc. 's business operations prior to the deal .",neutral,positive,2
Rautaruukki said construction group YIT has awarded it a 2.5 mln eur contract to supply the steel structures for a new bridge spanning the Kemijoki river in Northern Finland .,positive,positive,3
Operating profit improved by 39.9 % to EUR 18.0 mn from EUR12 .8 mn .,positive,positive,2
"Samsung currently occupies third place and lost ground during the quarter , dropping by 1.8 % to an 11.1 % share overall .",negative,negative,-2
"In the second quarter of 2010 , the group 's net profit rose to EUR 3.1 million from EUR 2.5 million in April-June 2009 .",positive,positive,2
Upon completion of the deal Panostaja will establish a new business area within the group to focus on heat treatment of metals .,neutral,positive,2
"Satama 's net profit for the third quarter of 2007 rose to 275,000 euro ( $ 395,000 ) from 270,000 euro ( $ 388,000 ) for the same period of 2006 .",positive,positive,2
The Group aims to increase its net sales and comparable operating profit in 2006 .,positive,positive,2
"At the same time profit of the company increased by 10 % in H1 and reached Ls 79,000 .",positive,positive,2
Diluted earnings per share ( EPS ) rose to EUR 0.29 from EUR 0.05 .,positive,positive,2
The new shares entitle their holders to dividends for fiscal 2006 .,neutral,positive,2
"Finnish Talentum reports its operating profit increased to EUR 20.5 mn in 2005 from EUR 9.3 mn in 2004 , and net sales totaled EUR 103.3 mn , up from EUR 96.4 mn .",positive,positive,2
"Both operating profit and turnover for the three-month period increased , respectively from EUR0 .9 m and EUR8 .3 m , as compared to the corresponding period in 2005 .",positive,positive,2
"Loaded up on $bsx yesterday,looking good now. Still think way more upside than downside.",positive,positive,2
$TROW Ascending triangle gives a bullish bias to this chart. Breakout above 84 will be positive http://stks.co/g0ls5,positive,positive,2
"( ADP News ) - Nov 5 , 2008 - Finnish electronic measurement products and solutions maker Vaisala Oyj ( OMX : VAIAS ) said today that its net profit rose to EUR 18 million ( USD 23.1 m ) for the first nine months of 2008 from EUR 1",positive,positive,2
Finnish Rautaruukki has been awarded a contract to supply and install steel superstructures for the Partihallsf+Ârbindelsen bridge in Gothenburg in Sweden .,positive,positive,2
"WPP, World's Largest Ad Agency, Reports Strong 2015 Growth",positive,positive,2
"Both operating profit and net sales for the six-month period increased , respectively from EUR7 .5 m and EUR655 .5 m , as compared to the corresponding period in 2005 .",positive,positive,2
$SPY extreme win today - 2 cents above 2009  low on 10-year and $SPY up 2 percent - life is a bowl of cherries - great short setting up $$,negative,positive,2
It will focus on improving its profitability next year by streamlining operations .,positive,positive,2
BBCN Bancorp to buy Wilshire Bancorp in $1 bln deal,positive,positive,2
"Stora Enso R shares rose 1.20 pct to 11.84 eur , UPM-Kymmene was also dragged higher , rising 1.68 pct to 17.56 eur and M-Real B added 2.38 pct to 4.30 eur .",positive,positive,2
"( ADP News ) - Feb 11 , 2009 - Finnish management software solutions provider Ixonos Oyj ( HEL : XNS1V ) said today its net profit rose to EUR 3.5 million ( USD 4.5 m ) for 2008 from EUR 3.1 million for 2007 .",positive,positive,2
The company reports a loss for the period of EUR 0.4 mn compared to a loss of EUR 1.9 mn in the corresponding period in 2005 .,positive,negative,-2
"Arvo Vuorenmaa , the Loviisa plant 's general manager said the application for the new licence was a `` standard '' procedure and that he was `` quite confident '' about approval being granted .",positive,positive,2
The contract was signed in August with Papua New Guinea-based Lihir Gold Ltd ASX : LGL .,positive,positive,3
$ocn has the stuff. Will be looking to add shares if we get a new high breakout.,positive,positive,2
"Finnish construction company YIT Oyj said on November 13 , 2007 it won a 70 mln euro $ 102.8 mln contract to construct the new office building for local property company Tapiola Real Estate Oy .",positive,positive,3
"Finnish Larox has signed a contract with the Talvivaara Project for the delivery of filters to the Talvivaara nickel mine in Sotkamo , in Finland .",positive,positive,2
"As part of the transaction , M-real and Sappi have also signed a long-term agreement on the supply of pulp and BCTMP and other smaller services and supplies .",positive,positive,2
"The transaction will have a positive impact of around EUR2m on earnings , which Ruukki will recognize during the fourth quarter of this year .",positive,positive,2
"Both operating profit and net sales for the 12-month period increased , respectively from EUR20 .8 m and EUR177 .7 m , as compared to the financial year 2004 .",positive,positive,2
Kalmar has been awarded a new 5-year contract to supply its Rough Terrain Container Handler RTCH .,positive,positive,3
Bilfinger Industrial Services win Â£100m BP contract extension,positive,positive,2
Operating profit rose from EUR 1.94 mn to EUR 2.45 mn .,positive,positive,2
"News FeedSchroders books solid earnings growth, several board changes",positive,positive,2
"HELSINKI (Thomson Financial)- Kemira GrowHow swung into profit in its first quarter earnings on improved sales , especially in its fertilizer business in Europe , which is normally stronger during the first quarter .",positive,positive,4
Ruukki Group calculates that it has lost EUR 4mn in the failed project .,negative,negative,-2
"- BEIJING XFN-ASIA - Hong Kong-listed Standard Chartered Bank said it has signed a China mobile phone dealer financing agreement with Nokia , making it the first foreign bank to offer financing to the country 's small and medium enterprise -LR",positive,positive,2
"Operating profit for the three-month period increased from EUR1 .2 m , while revenue increased from EUR20 .2 m , as compared to the corresponding period in 2005 .",positive,positive,4
Finnish operator Elisa and Aker Yards have signed a long-term service deal through which Elisa will deliver all necessary voice and data services for Aker Yards in Finland .,positive,positive,2
Strong growth has continued also in China .,positive,positive,2
$GILD  is expanding its research facilities...keeping up with the pace of innovation  https://t.co/uOE7FJ4LOP,positive,positive,2
"The first four of the new shop-in-shops will be opened this spring : on Madison Avenue in New York as well as in Chicago , Los Angeles and San Francisco .",neutral,positive,2
"In the reporting period , the company 's operating profit grew by 43.2 % to EUR 6 million .",positive,positive,2
"Finnish Ponsse has signed an agreement with Babcock Africa for the distribution and support of Ponsse forest machines , harvester heads , and information systems in South Africa .",positive,positive,2
"In January , traffic , measured in revenue passenger kilometres RPK , went up by 3.2 % and capacity , measured in available seat kilometres ASK , rose by 12.2 % .",positive,positive,2
"Konecranes Oyj KCR1V FH fell 5.5 percent to 20.51 euros , the biggest fall since June .",negative,negative,-2
"Finnish construction group Lemminkainen Oyj HEL : LEM1S said today it has won a contract to provide technical services for the Nevsky Centre shopping mall to be opened in November in St Petersburg , Russia .",positive,positive,2
This new partnership agreement represents a significant milestone for both parties .,positive,positive,3
"Operating loss was EUR 179mn , compared to a loss of EUR 188mn in the second quarter of 2009 .",positive,negative,-2
$AAPL Good time to buy. Will the run come before earnings or after?,positive,positive,3
"Operating loss totalled EUR 5.2 mn , compared to a loss of EUR 3.4 mn in the corresponding period in 2008-2009 .",neutral,negative,-2
The companies signed the letter of intent for the sale on 17 September 2010 and envisaged to seal the actual agreement on 1 January 2011 .,neutral,positive,2
Lemcon signed an investment cooperation agreement with the Kaluga regional administration last November .,positive,positive,2
"The Helsinki-based company , which also owns the Salomon , Atomic and Suunto brands , said net profit rose 15 percent in the three months through Dec. 31 to (  x20ac ) 47 million ( $ 61US million ) , from (  x20ac ) 40.8 million a year earlier .",positive,positive,2
"In Lithuania , operating profit rose to EUR 190,000 from EUR 70,000 in the corresponding period in 2005 .",positive,positive,2
"EU drops Shell, BP, Statoil from ethanol benchmark investigation",positive,negative,-2
Finnish Bank of +àland reports its operating profit rose to EUR 21.3 mn in the second quarter of 2009 from EUR 6.1 mn in the corresponding period in 2008 .,positive,positive,2
$FB $AAPL $NKE $JWN bearish charts keep getting worse.,negative,negative,-2
The deal includes an option for Cramo to buy out the minority stake in 2011 .,neutral,positive,2
"The other actions include the cutting of the expensive weekend shifts , the freezing of the production bonus system and by a general cost-cutting program .",neutral,negative,-2
"In its financial report , published on Friday , SEB said its net profit soared to SEK6 .745 bn in 2010 from a year-earlier SEK1 .114 bn and proposed a 50 % dividend increase to SEK1 .50 per share .",positive,positive,3
"The last quarter was the best quarter of 2009 in net sales , and the operating margin rose to 12.2 % .",positive,positive,2
Passenger-related revenue rose by 5.1 % to EUR 460.8 mn from EUR 438.5 mn in 2009 .,positive,positive,2
Operating profit rose to EUR 4.7 mn from EUR 3.6 mn .,positive,positive,2
`` Capital expenditure on energy efficiency has unfortunately fallen along with the decline in the economy .,neutral,negative,-2
"Production levels have been agreed with producers a long time ago , so a fall in consumption will lead to losses .",neutral,negative,-2
"Finnish consulting and engineering group Poyry Plc ( OMX Helsinki : POY ) said on Wednesday ( 1 October ) that it has been awarded a contract by Tanqia Dibba FZC as owner-engineer for the wastewater system of Dibba , Emirate of Fujairah , UAE .",positive,positive,2
Operating profit rose to EUR 9.2 mn from EUR 6.8 mn in the corresponding period in 2007 .,positive,positive,2
- Net sales for the period are expected to fall well below that of last year and the result after non-recurring items is expected to be in the red .,neutral,negative,-2
"Via the agreement , Ramirent will expand the range of equipment and services it delivers to Destia , Ramirent Finland 's managing director Kari Aulasmaa , said .",positive,positive,2
Operating profit improved by 44.0 % to ER 4.7 mn from EUR 3.3 mn in 2004 .,positive,positive,2
"ACE Limited, which has a 17 year dividend growth streak, plans a 33% dividend hike: http://stks.co/1BUE $ACE",positive,positive,3
"Raisio 's bid to buy Glisten is a `` win-win '' deal for both companies , the chairman of the UK snacks firm told just-food today 10 February .",positive,positive,4
"After the transaction , Herttaassa 's holding in Alma Media has fallen below the flagging limit of 5 % .",neutral,negative,-2
"Pre-tax loss totaled EUR 0.3 mn , compared to a loss of EUR 2.2 mn in the first quarter of 2005 .",positive,negative,-2
The pretax profit of the group 's life insurance business increased to EUR 36 million from EUR 27 million .,positive,positive,2
"` Our strategic cooperation with Rentakran brings us new customers and already-working relationships with the authorities of the new territories , ' said Jarmo Laasanen , a senior manager at Cramo .",positive,positive,2
"OUTOTEC OYJ PRESS RELEASE DECEMBER 4 , 2009 10.30 AM Outotec establishes a new subsidiary in Kolkata Outotec has established a subsidiary in India in order to better serve its Indian customers and to increase its business in the growing Indian market .",positive,positive,2
Nokia - the world 's largest mobile phone manufacturer - and China Postel - China 's largest mobile phone distributor - have a long-standing partnership that continues to grow stronger over time .,positive,positive,3
"Based on the first quarter result , existing order backlog and new order prospects , the company expects that full-year sales will contract by 25 % from 2008 , the gross margin will stay at a healthy level , and the operating profit margin will be lower than in 2008 due to lower sales volume .",neutral,positive,3
"Press release 9 October 2009 Ruukki has signed a contract to deliver and install the steel structures for a bridge over the Kyronsalmi strait in Savonlinna , Finland .",positive,positive,2
"`` The Intel Atom processor has had tremendous success in the marketplace since its launch over 2 years ago , '' said Pankaj Kedia , director of global ecosystem programs for Intel Corp. 's Ultra Mobility Group .",positive,positive,2
Johnson Matthey profit falls but dividend rises,neutral,positive,2
"Finland 's national carrier Finnair PLC carried a record 8.5 million passengers in 2005 , an increase of 4.5 percent on the previous year , the airline reported Tuesday .",positive,positive,2
Swiss franc surged to record 1.42 euros after it reported sharpest gain in manufacturing in March .,positive,positive,2
"For the fiscal year ending September 30 , 2009 the revenue from these customers was $ 10.012 million or around 11.0 % of the transportation group 's revenue .",neutral,positive,2
HELSINKI AFX - Outokumpu said its technology unit has won a 28 mln eur contract from Bosnia-Herzegovina 's Aluminij dd Mostar to upgrade an anode plant .,positive,positive,3
$SPPI..building RS. Sweet. I want this to break a new 52week. The earnings growth justifies way higher,positive,positive,3
"However , Biohit estimates its total net sales will continue to grow in 2009 , and that favourable trends in net sales will lead to a profit in 2009 .",positive,positive,2
"EUR928 ,000 in Q1 2010 6 May 2010 - Finnish textile and clothing design company Marimekko Oyj ( HEL : MMO1V ) said today its net profit rose to EUR928 ,000 in the first quarter of 2010 from EUR13 ,000 in the corresponding period a year earlier .",positive,positive,2
"Nokia 's share price fell less than one percent to 18.70 euros ( $ 25.41 ) in Helsinki , while Siemens shares fell 1.02 percent to 90.19 euros ( $ 122.57 ) in Frankfurt .",neutral,negative,-2
Talvivaara has secured a 10-year off-take agreement for 100 per cent of its main output of nickel and cobalt to Norilsk Nickel and entered into a long-term zinc streaming agreement with Nyrstar NV .,positive,positive,3
The talks are aimed at restructuring operations and cutting costs .,positive,negative,-2
Operating profit in the fourth quarter went down to EUR3m from EUR4 .2 m for the corresponding period of 2009 as it included costs of growth projects .,negative,positive,2
$LNT Increases Annual Dividend Target to $1.80/Share from $1.70/Share,positive,positive,2
Diluted earnings per share ( EPS ) rose to EUR 1.05 from EUR 0.64 .,positive,positive,2
"UK 's Sarantel to outsource part of its processes to Elcoteq plant in Estonia LONDON , Oct 13 , BNS - The British miniature antennas maker Sarantel has signed an agreement to outsource its assembly test and supply chain processes to the plant of Elcoteq in the Estonian capital Tallinn .",neutral,positive,2
The Boeing Company (NYSE:BA) Bearish Trader bets $550K that Stock Will Sell Off 9.79% by July Expiry $BA http://stks.co/tCSE,negative,negative,-2
"Savon koulutuskuntayhtyma , Finland based company has awarded contract for specialist agricultural or forestry machinery .",positive,positive,2
"In Finland 's Hobby Hall 's sales decreased by 10 % , and international sales fell by 19 % .",neutral,negative,-2
"Both operating profit and net sales for the 12-month period increased , respectively from EUR4 .7 m and EUR26 .7 m , as compared to 2004 .",positive,positive,2
"In Finland 's Hobby Hall 's sales decreased by 10 % , and international sales fell by 19 % .",negative,negative,-2
Finnish Okmetic that manufactures and processes silicon wafers for the semiconductor and sensor industries and Norwegian solar wafer company NorSun have signed a contract under which Okmetic will supply NorSun mono silicon crystals for use in solar cell manufacturing .,positive,positive,2
Earnings per share EPS rose to EUR 0.11 from EUR 0.03 .,positive,positive,2
Diluted earnings per share ( EPS ) rose to EUR 3.68 from EUR 0.50 .,positive,positive,2
"There has been some recovery of the base metals prices and increased demand for metals in China , however .",positive,positive,2
looks like a big feb 18-22 $put spread on $cree.  Last quarter 0% YoY rev growth trading @ 24x earnings.  I may try a short.,negative,positive,2
"Finnish airline Finnair has won a deal with the UK public sector to be the official airline for flights from London Heathrow to Osaka in Japan , as well as flights between Manchester in the UK and Helsinki in Finland .",positive,positive,2
Operating profit rose to EUR 5mn from EUR 2.8 mn in the fourth quarter of 2008 .,positive,positive,2
Finnish department store chain Stockmann Oyj Abp net profit rose to 39.8 mln euro ( $ 56.8 mln ) for the first nine months of 2007 from 37.4 mln euro ( $ 53.4 mln ) for the same period of 2006 .,positive,positive,2
"`` After the share purchase is completed , financing will also be provided to expand Latvia 's broadband infrastructure and to develop new areas of business , including acquisitions of other companies . ''",positive,positive,2
Operating profit rose to EUR 26.7 mn from EUR 14.9 mn in the corresponding period in 2006 .,positive,positive,2
"After the restructuring , UPM 's average paper machine capacity in Europe will be 320,000 tons ( 350,000 short tons ) in coated magazine paper and 420,000 tons ( 460,000 short tons ) in coated fine paper .",neutral,negative,-2
"Should you buy Associated British Foods plc, Great Portland Estates plc and Dunelm Group plc following today's news?",positive,positive,2
"$SPY Less than 0.2% down and people are calling it bearish. Some heading for exits already. Maybe 1% down will be ""the crash""? Disturbing!",negative,negative,-2
"Based on the first quarter result , existing order backlog and new order prospects , the company expects that full-year sales will contract by 25 % from 2008 , the gross margin will stay at a healthy level , and the operating profit margin will be lower than in 2008 due to lower sales volume .",negative,positive,3
"Finnish P+Âyry has been awarded an engineering contract by CFR , the national railway company of Romania .",positive,positive,2
"Finnish lifting equipment maker Konecranes Oyj said on July 30 , 2008 that its net profit rose to 71.2 mln euro ( $ 111.1 mln ) for the first half of 2008 from 57.1 mln euro ( $ 89.1 mln ) for the same period of 2007 .",positive,positive,2
"Tip of the week Panfish like bluegills are great fun to catch , especially for children new to fishing .",neutral,positive,2
"HELSINKI ( AFX ) - Nokian Tyres reported a fourth quarter pretax profit of 61.5 mln eur , up from 48.6 mln on the back of strong sales .",positive,positive,2
"Finnish construction group YIT has been awarded a contract to install heating , air conditioning and cooling systems to the new head office of the automobile association ADAC in Munich in Germany .",positive,positive,3
"Both operating profit and turnover for the six-month period increased , respectively from EUR0 .1 m and EUR29 .0 m , as compared to the corresponding period a year ago .",positive,positive,2
Lloyds to cut 945 jobs as part of three-year restructuring strategy,negative,negative,-2
$COST short finally making gains. I will take half my gains at 147,negative,positive,2
"For the current year , Raute expects its net sales to increase and the operating result -- to be positive .",positive,positive,2
"HELSINKI ( AFX ) - Metso said it will upgrade one of UPM-Kymmene 's four paper machines at the latter 's mill in Jaemsaenkoski with a new coating color supply system , machine and process controls and quality measurements .",positive,positive,2
"Finnair PLC carried a record 8.8 million passengers in 2006 , an increase of 3.5 percent on the previous year , the Finnish national carrier reported Tuesday .",positive,positive,2
"Both operating profit and net sales for the six-month period increased , respectively , from EUR13 .8 m and EUR143 .6 m , as compared to the corresponding period in 2007 .",positive,positive,2
Finnish financial group Aktia 's operating profit for 2009 increased to EUR 47.0 mn from EUR 6.6 mn in 2008 .,positive,positive,2
"( ADP News ) - Oct 29 , 2008 - Finnish lifting equipment maker Konecranes Oyj ( OMX : KCR1V ) said today that its net profit rose to EUR 116.6 million ( USD 149.1 m ) in the first nine months of 2008 from EUR 73.6 million for the s",positive,positive,2
Operating profit improved by 16.7 % to EUR 7.7 mn .,positive,positive,2
"Samsung currently occupies third place and lost ground during the quarter , dropping by 1.8 % to an 11.1 % share overall .",neutral,negative,-2
Nordea Group 's operating profit increased in 2010 by 18 percent year-on-year to 3.64 billion euros and total revenue by 3 percent to 9.33 billion euros .,positive,positive,3
Looking for a strong bounce $SPY -- Lunchtime rally coming. $DIA $IWM $QQQ $AA $FB,positive,positive,2
"Qualcomm: 10% Dividend Increase Rewards Patient Investors, The Future Looks Bright https://t.co/TJjVpqhHqD $QCOM",positive,positive,2
Profit for the period increased from EUR 2.9 mn to EUR 10.5 mn .,positive,positive,2
$BBRY Sierra. Has a great cash balance and impressive growth rate.Would be a wonderful marriage!,positive,positive,2
Pretax profit rose to EUR 0.6 mn from EUR 0.4 mn in the corresponding period in 2005 .,positive,positive,2
"Finland 's Neste Oil has been awarded the Chemical Industry Federation of Finland 's Innovation Award for its NExBTL technology , which enables biodiesel to be produced from vegetable oil and animal fat .",positive,positive,3
"However , the bottom-line result improved thanks to positive financial items .",positive,positive,2
$AMRN Got sell signal 7/1/14 still in force with target below 1.50,negative,negative,-2
Operating profit excluding restructuring costs grew to EUR 44.5 million from EUR 31.7 million while operating profit including restructuring costs showed even larger growth to EUR 38.5 million from EUR 7.4 million .,positive,positive,2
"Revenue from July to September grew 21 percent to EURO 2.3 billion , the Finnish company said Thursday .",positive,positive,2
Operating profit rose to EUR 13.1 mn from EUR 8.7 mn in the corresponding period in 2007 representing 7.7 % of net sales .,positive,positive,2
"$P bull flag on the daily, earnings on the table tomorrow +/-12 move.Will straddle this one into earnings..lots of vol guaranteed here",positive,positive,2
Spain's Caixabank launches new takeover bid for Banco BPI,positive,positive,2
New product launches in Finland will more than double from 2005 .,positive,positive,2
Cargotec Germany GmbH has been awarded a contract by Stadtverwaltung Mainz for chassis bodies under Open procedure .,positive,positive,2
Sales were down 14 per cent in Finland and up 27 per cent abroad where sales were lifted by the strong growth in sales in Russia and Lithuania .,neutral,positive,2
#FusionIQ NEW Positive Timing Signal on $SBUX Today https://t.co/9ImlXz4YNa Please Retweet #Signals,positive,positive,2
"The company 's scheduled traffic , measured in revenue passenger kilometres RPK , grew by just over 2 % and nearly 3 % more passengers were carried on scheduled flights than in February 2009 .",positive,positive,2
: Lietuvos Respublikos sveikatos apsaugos ministerija has awarded contract to UAB `` AFFECTO LIETUVA '' for financial systems software package .,positive,positive,2
$CRUS Upgraded to a buy by Alpha Street Research,positive,positive,2
"Isolationism? Another Sell Rating, Sell Ratings On SPY, QQQ, IWM And Several Companies https://t.co/j35FNnx744 $AAPL #APPLE $AXP $BAC",negative,negative,-2
"Finland 's leading metals group Outokumpu said its fourth-quarter net profit more than tripled on the back of strong global demand for stainless steel , soaring base metal prices and proceeds from the sale of its technology unit .",positive,positive,2
"The value of the deal exceeds EUR500 ,000 , the company said .",neutral,positive,2
"Adanac Molybdenum of Canada has ordered grinding technology for its molybdenum project in British Columbia , Canada , while Shalkiya Zinc of Kazakhstan has awarded a contract for grinding technology for the Shalkiya zinc-lead project in Kazakhstan .",positive,positive,2
"It also has strong assets in electronic media , employing 18,500 an increase of 9 percent on last year .",positive,positive,2
Dixons Carphone profit boost on strong sales,positive,positive,2
`` Capital expenditure on energy efficiency has unfortunately fallen along with the decline in the economy .,negative,negative,-2
"Besides we have increased the share of meat in various sausages and are offering a number of new tastes in the grill products and shish kebabs segment , '' Paavel said .",positive,positive,2
The deal also includes a ten-year maintenance agreement .,neutral,positive,2
The transactions would increase earnings per share in the first quarter by some EUR0 .28 .,positive,positive,2
"In addition , Kone signed a two-year maintenance contract for the escalators .",positive,positive,2
"The steelmaker said that the drop in profit was explained by the continuing economic uncertainty , mixed with the current drought in bank lending , resulting in a decline in demand for its products as customers find it increasingly difficult to fund operations .",neutral,negative,-2
Net sales revenue per passenger is expected to increase .,positive,positive,2
"Foundries division reports its sales increased by 9.7 % to EUR 63.1 mn from EUR 57.5 mn in the corresponding period in 2006 , and sales of the Machine Shop division increased by 16.4 % to EUR 41.2 mn from EUR 35.4 mn in the corresponding period in 2006 .",positive,positive,2
"Finnish high technology provider Vaahto Group reports net sales of EUR 41.8 mn in the accounting period September 2007 - February 2008 , an increase of 11.2 % from a year earlier .",positive,positive,2
"Isolationism? Another Sell Rating, Sell Ratings On SPY, QQQ, IWM And Several Companies https://t.co/6NKWEcrBA5 $AAPL $AXP $BAC $BLUE $FXE",negative,negative,-2
Operating profit rose to EUR 13.5 mn from EUR 9.7 mn in the corresponding period in 2006 .,positive,positive,2
Finnish cutlery and hand tools maker Fiskars Oyj Abp ( HEL : FISAS ) said today its net profit rose to EUR 24.1 million ( USD 33.6 m ) in the third quarter of 2010 from EUR 17.9 million a year earlier .,positive,positive,2
$REN bottoming out again.. Good time to buy,positive,positive,2
"KAUKO-TELKO LTD PRESS RELEASE 19.06.2007 AT 14.00 1 ( 1 ) Telko Group ( Kauko-Telko ) is expanding its strategic partnership with BP Industrial Lubricants & Services ( BP ILS ) by acquiring total ownership of BP 's Swedish retail company , Molub-Alloy AB .",positive,positive,2
"The largest restructuring is planned for Italy , where negotiations on about 40 job cuts are to be initiated today , the company noted .",negative,negative,-2
Operating profit rose to EUR2 .4 m from EUR1 .6 m year earlier .,positive,positive,2
"Ruukki has signed a contract to deliver and install the steel structures for a bridge over the Kyronsalmi strait in Savonlinna , Finland .",positive,positive,2
"$IMRS - it's important to be pragmatic in analysis...high prices could offer head-winds....bullish story intact,evenif the market rolls over",positive,positive,2
"Within the framework of the partnership , Nokia Siemens Networks has signed an initial framework purchase agreement with Sitronics subsidiary , JSC Mikron , which is the largest manufacturer and exporter of microelectronic components in Russia .",positive,positive,3
Arm profits and sales up as shift away from mobile gains pace,positive,positive,2
"Production levels have been agreed with producers a long time ago , so a fall in consumption will lead to losses .",negative,negative,-2
"Revenue grew by 2 percent to  x20ac 580 million $ 743 million , from  x20ac 569 million .",positive,positive,2
"Seppala 's revenue increased by 0.2 % to EUR10 .1 m. In Finland , revenue went down by 2.4 % to EUR6 .8 m , while sales abroad rose by 6.2 % to EUR3 .3 m. Sales increased in all the Baltic countries as well as in Russia and Ukraine .",positive,positive,5
Finnish handling systems company Cargotec Oyj ( HEL : CGCBV ) said today that it won a EUR 13 million ( USD 16.6 m ) contract to deliver MacGregor hatch covers for ships ordered by Norwegian shipowner Grieg Shipping .,positive,positive,2
"78 users on Vetr are bearish on Tesla Motors, Inc., indicating a SELL Rating (2 stars) for $TSLA https://t.co/vVpzqCXsNJ",negative,negative,-2
Ruukki signed the contract with Norwegian company Veidekke Entreprenor AS .,positive,positive,2
"The deal includes all rental equipment and related merchandise , the rental contract of the depot and two employees , the company said .",neutral,positive,2
5-star analyst @brianwieser from Pivotal Research upgraded rating on $GOOGL to BUY. Brian has a 79% success rate https://t.co/t0dn02EOH5,positive,positive,3
"( ADP News ) - Feb 6 , 2009 - Finnish fishing tackle company Rapala VMC Corp ( HEL : RAP1V ) said today its net profit rose to EUR 19.2 million ( USD 24.6 m ) for 2008 from EUR 17.5 million for 2007 .",positive,positive,2
The original contract was signed last summer .,neutral,positive,2
Finnish software developer Done Solutions Oyj said its net profit increased to 3.5 mln euro ( $ 4.6 mln ) in 2006 from 2.3 mln euro ( $ 3.0 mln ) in 2005 .,positive,positive,2
"a January 11 , 2010 EPHC board of directors has approved an increase in the quarterly dividend from $ 0.03 to $ 0.05 per share .",positive,positive,2
"In the third quarter of 2010 , net sales increased by 5.2 % to EUR 205.5 mn , and operating profit by 34.9 % to EUR 23.5 mn .",positive,positive,2
"As a result of these transactions , the aggregate holdings of Burrill Life Sciences Capital Fund , L.P. has decreased below 5 per cent of the total number of shares and votes of the Company .",neutral,negative,-2
"Cost cutting measures , which have produced around EUR70m of savings over the past nine months , have dampened the airline 's loss , Finnair said .",positive,negative,-2
25 March 2011 - Finnish electronics contract manufacturer Scanfil Oyj HEL : SCF1V said today its plan to merge wholly owned Scanfil EMS Group with Ojala-Yhtyma Oy has hit a snag as shareholders of the domestic rival rejected the deal .,negative,positive,2
"FTSE falls to 3-month low on Greek debt concerns, easyJet skids",negative,negative,-2
"Westend ICT Plc s new 409,665,891 shares and increase of share capital with EUR 2,000,000 based on the resolutions of extraordinary shareholders meeting on 27 December 2010 have today registered in the Trade Register .",neutral,positive,2
This is the first time Finnair has been awarded an agreement with the UK government .,positive,positive,2
"Once your plants are in the ground they will continue to grow , but the success of any garden lies in how well it 's maintained .",neutral,positive,2
"The company said that paper demand increased in all of its main markets , including of publication papers , and that it increased average paper prices by 4 percent compared with last year .",positive,positive,2
"Lead production , in turn , should increase to 60,000 tonnes through 2009 in what would be a twofold increase from current capacity levels , Zahariev said .",positive,positive,2
Operating profit rose to EUR 27.8 mn from EUR 17.5 mn in 2008 .,positive,positive,2
"Britain's FTSE gains, Land Securities up after dividend hike",positive,positive,2
"561,470 new shares under 2003 option rights plan Packaging company Huhtamaki Oyj reported on Monday that a total of 561,470 new shares of the company have been issued based on share subscriptions under its 2003 option rights plan .",neutral,positive,2
"U.K. Stocks Resume Gains to Rally to Record; CRH, Tullow Climb",positive,positive,3
"The largest restructuring is planned for Italy , where negotiations on about 40 job cuts are to be initiated today , the company noted .",neutral,negative,-2
"HELSINKI Thomson Financial - Shares closed little changed , with Cargotec and Huhtamaki dropping sharply on disappointing second-quarter reports .",negative,negative,-2
27 January 2011 - Finnish IT solutions provider Affecto Oyj ( HEL : AFE1V ) said today it has won a EUR1 .2 m ( USD1 .6 m ) contract from state-owned Lithuanian Social Insurance Institution ( SODRA ) .,positive,positive,2
"$CELG back near 104, where it opened and rallied higher last wk. A good place to take a shot https://t.co/zwHThSvFSF",positive,positive,2
Piper upgrades Symantec on improving renewal rates and enterprise growth $SYMC,positive,positive,2
"H1 '08 H1 '07 Q2 '08 Q2 '07 in mln euro , unless otherwise stated Net sales 386 328.6 201 160.7 Operating profit 46.3 35.8 23.2 9.5 Pre-tax profit 33.6 26.9 18.7 5.1 Net profit 25.1 25.4 14 4.0 EPS in euro 2.20 2.36 1.24 0.38 1.0 euro = $ 1.60 www.componenta.com",neutral,positive,3
"Reuters: Green Mountain revenue misses, shares plunge http://stks.co/13mW > $GMCR prints 43.80, market in a foul mood, bad day to disappoint",negative,negative,-2
"Sales in Finland decreased by 2.0 % , and international sales decreased by 9.3 % in terms of euros , and by 15.1 % in terms of local currencies .",neutral,negative,-2
"Last month we added to our $GILD position and started a new one in $BWLD We see slow, steady, unspectacular growth going forward near term",positive,positive,2
"$SBUX down PM, from $DB downgrade.. PT cut from 70 to $64",negative,negative,-2
