sr_number,sr_type,owner_department,created_date,closed_date,days_to_close,sla_days,excess_days,ward
SR25-00218088,Sign Repair Request - All Other Signs,CDOT - Department of Transportation,2025-02-10 12:00:44,2026-02-10 08:28:37,364.85269675925923,10.0,354.85269675925923,49.0
SR20-03863158,Street Light On During Day Complaint,CDOT - Department of Transportation,2020-04-07 14:56:32,2021-04-07 09:50:09,364.7872337962963,10.0,354.7872337962963,28.0
SR19-01268788,Alley Light Out Complaint,CDOT - Department of Transportation,2019-04-03 22:19:44,2020-04-02 15:42:30,364.72414351851853,10.0,354.72414351851853,33.0
SR25-00229900,Street Light Out Complaint,CDOT - Department of Transportation,2025-02-12 09:25:05,2026-02-12 01:54:05,364.68680555555557,10.0,354.68680555555557,4.0
SR19-02769985,Tree Trim Request (NO LONGER BEING ACCEPTED),Streets and Sanitation,2019-10-21 00:25:24,2020-10-19 14:31:30,364.58756944444445,10.0,354.58756944444445,47.0
SR20-05073255,Water On Street Complaint,DWM - Department of Water Management,2020-09-16 07:51:24,2021-09-15 13:21:45,364.2294097222222,10.0,354.2294097222222,17.0
SR22-01428564,Sidewalk Inspection Request,CDOT - Department of Transportation,2022-08-12 08:43:42,2023-08-11 12:58:21,364.1768402777778,10.0,354.1768402777778,24.0
SR20-04325536,Tree Trim Request (NO LONGER BEING ACCEPTED),Streets and Sanitation,2020-06-11 09:01:32,2021-06-10 12:53:10,364.16085648148146,10.0,354.16085648148146,50.0
SR20-05594888,Tree Trim Request (NO LONGER BEING ACCEPTED),Streets and Sanitation,2020-12-08 14:41:43,2021-12-07 11:24:55,363.86333333333334,10.0,353.86333333333334,21.0
SR19-01847970,Tree Removal Inspection,Streets and Sanitation,2019-07-02 17:35:17,2020-06-30 13:16:22,363.82019675925926,10.0,353.82019675925926,38.0
SR20-05212851,Restaurant Complaint,Health,2020-10-05 22:00:34,2021-10-04 09:30:24,363.47905092592595,10.0,353.47905092592595,17.0
SR25-00206044,Sign Repair Request - All Other Signs,CDOT - Department of Transportation,2025-02-07 13:21:59,2026-02-05 19:29:31,363.2552314814815,10.0,353.2552314814815,13.0
SR19-02106512,Alley Light Out Complaint,CDOT - Department of Transportation,2019-08-02 14:25:59,2020-07-30 19:24:27,363.2072685185185,10.0,353.2072685185185,17.0
SR19-00085221,Tree Planting Request,Streets and Sanitation,2019-01-18 11:10:50,2020-01-16 13:36:14,363.1009722222222,10.0,353.1009722222222,39.0
SR19-01426942,Tree Planting Request,Streets and Sanitation,2019-05-03 08:39:05,2020-04-30 09:42:50,363.0442708333333,10.0,353.0442708333333,39.0
SR19-02634522,Tree Trim Request (NO LONGER BEING ACCEPTED),Streets and Sanitation,2019-10-02 20:43:43,2020-09-29 11:53:34,362.63184027777777,10.0,352.63184027777777,41.0
SR19-02112059,Alley Light Out Complaint,CDOT - Department of Transportation,2019-08-03 12:31:18,2020-07-30 19:24:27,362.2869097222222,10.0,352.2869097222222,17.0
SR19-01461163,Tree Planting Request,Streets and Sanitation,2019-05-09 12:21:18,2020-05-05 14:56:36,362.10784722222223,10.0,352.10784722222223,32.0
SR25-00198154,Sidewalk Inspection Request,CDOT - Department of Transportation,2025-02-06 10:44:19,2026-02-03 08:49:17,361.92011574074075,10.0,351.92011574074075,40.0
SR19-02749503,Pothole in Street Complaint,CDOT - Department of Transportation,2019-10-17 16:05:27,2020-10-13 11:52:05,361.8240509259259,10.0,351.8240509259259,29.0
SR19-01866377,Alley Light Out Complaint,CDOT - Department of Transportation,2019-07-05 10:56:49,2020-06-30 15:49:01,361.2029166666667,10.0,351.2029166666667,8.0
SR19-02074852,Tree Trim Request (NO LONGER BEING ACCEPTED),Streets and Sanitation,2019-07-30 13:24:49,2020-07-25 13:19:31,360.99631944444445,10.0,350.99631944444445,34.0
SR19-02098086,Sewer Cleaning Inspection Request,DWM - Department of Water Management,2019-08-01 16:22:35,2020-07-27 14:38:46,360.9279050925926,10.0,350.9279050925926,15.0
SR19-02999795,Water On Street Complaint,DWM - Department of Water Management,2019-11-21 22:05:39,2020-11-16 09:10:55,360.46199074074076,10.0,350.46199074074076,5.0
SR20-03389512,Pothole in Street Complaint,CDOT - Department of Transportation,2020-01-24 22:12:13,2021-01-19 08:18:44,360.4211921296296,10.0,350.4211921296296,35.0
SR19-03145490,Traffic Signal Out Complaint,CDOT - Department of Transportation,2019-12-16 10:33:35,2020-12-10 18:48:37,360.34377314814816,10.0,350.34377314814816,7.0
SR19-01438977,Street Light On During Day Complaint,CDOT - Department of Transportation,2019-05-06 09:24:52,2020-04-30 14:06:06,360.19530092592595,10.0,350.19530092592595,41.0
SR19-01136904,Alley Pothole Complaint,CDOT - Department of Transportation,2019-03-11 09:18:46,2020-03-05 12:55:17,360.1503587962963,10.0,350.1503587962963,30.0
SR20-03389955,Pothole in Street Complaint,CDOT - Department of Transportation,2020-01-25 05:21:26,2021-01-19 08:18:44,360.123125,10.0,350.123125,35.0
SR19-01510892,Tree Planting Request,Streets and Sanitation,2019-05-17 11:32:42,2020-05-11 12:29:50,360.0396759259259,10.0,350.0396759259259,36.0
SR20-04244250,Tree Planting Request,Streets and Sanitation,2020-05-31 18:17:20,2021-05-26 14:41:08,359.8498611111111,10.0,349.8498611111111,32.0
SR19-02609925,Tree Removal Inspection,Streets and Sanitation,2019-09-30 08:44:53,2020-09-23 11:32:28,359.1163773148148,10.0,349.1163773148148,40.0
SR20-04624966,Tree Trim Request (NO LONGER BEING ACCEPTED),Streets and Sanitation,2020-07-20 14:42:45,2021-07-14 15:38:31,359.03872685185183,10.0,349.03872685185183,8.0
SR19-02889573,Tree Trim Request (NO LONGER BEING ACCEPTED),Streets and Sanitation,2019-11-05 14:02:19,2020-10-29 13:38:53,358.9837268518518,10.0,348.9837268518518,47.0
SR20-03394782,Pothole in Street Complaint,CDOT - Department of Transportation,2020-01-26 09:29:35,2021-01-19 08:18:44,358.9507986111111,10.0,348.9507986111111,35.0
SR20-03396886,Pothole in Street Complaint,CDOT - Department of Transportation,2020-01-26 18:33:35,2021-01-19 08:18:44,358.5730208333333,10.0,348.5730208333333,35.0
SR19-02121757,Street Light On During Day Complaint,CDOT - Department of Transportation,2019-08-05 04:59:25,2020-07-28 15:31:25,358.43888888888887,10.0,348.43888888888887,39.0
SR19-02121760,Street Light On During Day Complaint,CDOT - Department of Transportation,2019-08-05 05:01:08,2020-07-28 15:31:25,358.43769675925927,10.0,348.43769675925927,39.0
SR19-02121770,Street Light On During Day Complaint,CDOT - Department of Transportation,2019-08-05 05:08:20,2020-07-28 15:31:25,358.4326967592593,10.0,348.4326967592593,39.0
SR19-02121799,Street Light On During Day Complaint,CDOT - Department of Transportation,2019-08-05 05:36:54,2020-07-28 15:31:25,358.4128587962963,10.0,348.4128587962963,39.0
SR19-02121802,Street Light On During Day Complaint,CDOT - Department of Transportation,2019-08-05 05:39:21,2020-07-28 15:31:25,358.4111574074074,10.0,348.4111574074074,39.0
SR19-02121806,Street Light On During Day Complaint,CDOT - Department of Transportation,2019-08-05 05:41:33,2020-07-28 15:31:25,358.40962962962965,10.0,348.40962962962965,39.0
SR21-02085038,Pothole in Street Complaint,CDOT - Department of Transportation,2021-11-30 09:48:29,2022-11-23 14:31:28,358.1965162037037,10.0,348.1965162037037,
SR19-01420899,Tree Removal Inspection,Streets and Sanitation,2019-05-02 06:33:35,2020-04-24 10:12:27,358.15199074074076,10.0,348.15199074074076,7.0
SR25-00195411,Sign Repair Request - All Other Signs,CDOT - Department of Transportation,2025-02-05 18:51:48,2026-01-29 22:17:46,358.1430324074074,10.0,348.1430324074074,44.0
SR25-00229795,Sidewalk Inspection Request,CDOT - Department of Transportation,2025-02-12 09:07:34,2026-02-05 10:36:08,358.0615046296296,10.0,348.0615046296296,21.0
SR25-00229896,Sidewalk Inspection Request,CDOT - Department of Transportation,2025-02-12 09:24:34,2026-02-05 10:36:08,358.04969907407406,10.0,348.04969907407406,21.0
SR25-00186525,Sign Repair Request - All Other Signs,CDOT - Department of Transportation,2025-02-04 14:02:26,2026-01-28 14:21:48,358.01344907407406,10.0,348.01344907407406,40.0
SR19-02432755,Tree Trim Request (NO LONGER BEING ACCEPTED),Streets and Sanitation,2019-09-09 15:52:49,2020-09-01 13:25:41,357.8978240740741,10.0,347.8978240740741,22.0
SR22-00679716,Sidewalk Inspection Request,CDOT - Department of Transportation,2022-04-25 12:33:21,2023-04-18 09:57:05,357.8914814814815,10.0,347.8914814814815,17.0
SR20-03760586,Sewer Cleaning Inspection Request,DWM - Department of Water Management,2020-03-23 14:57:31,2021-03-16 10:15:55,357.80444444444447,10.0,347.80444444444447,10.0
SR20-04825204,Sidewalk Inspection Request,CDOT - Department of Transportation,2020-08-13 21:40:12,2021-08-06 14:28:38,357.70030092592594,10.0,347.70030092592594,31.0
SR19-01649596,Tree Removal Inspection,Streets and Sanitation,2019-06-06 19:35:32,2020-05-29 10:56:05,357.63927083333334,10.0,347.63927083333334,19.0
SR20-04738581,Sidewalk Inspection Request,CDOT - Department of Transportation,2020-08-04 11:59:16,2021-07-27 15:03:13,357.1277430555556,10.0,347.1277430555556,36.0
SR25-00295632,Street Light Pole Door Missing Complaint,CDOT - Department of Transportation,2025-02-24 14:51:15,2026-02-16 14:32:47,356.98717592592595,10.0,346.98717592592595,46.0
SR19-01764332,Tree Trim Request (NO LONGER BEING ACCEPTED),Streets and Sanitation,2019-06-21 14:20:18,2020-06-12 09:00:45,356.7780902777778,10.0,346.7780902777778,26.0
SR19-01552562,Alley Light Out Complaint,CDOT - Department of Transportation,2019-05-23 16:38:12,2020-05-13 23:15:52,356.2761574074074,10.0,346.2761574074074,23.0
SR19-02804001,Tree Trim Request (NO LONGER BEING ACCEPTED),Streets and Sanitation,2019-10-24 13:23:05,2020-10-14 14:48:27,356.0592824074074,10.0,346.0592824074074,24.0
SR19-03191618,Street Light Out Complaint,CDOT - Department of Transportation,2019-12-23 18:39:28,2020-12-13 18:51:14,356.00817129629627,10.0,346.00817129629627,
SR19-02145328,Street Light On During Day Complaint,CDOT - Department of Transportation,2019-08-07 13:27:48,2020-07-28 13:19:04,355.9939351851852,10.0,345.9939351851852,11.0
SR19-02148569,Street Light On During Day Complaint,CDOT - Department of Transportation,2019-08-07 20:27:19,2020-07-28 13:19:04,355.7026041666667,10.0,345.7026041666667,11.0
SR20-04067804,Tree Planting Request,Streets and Sanitation,2020-05-07 13:13:27,2021-04-28 03:24:40,355.5911226851852,10.0,345.5911226851852,41.0
SR19-02235283,Tree Trim Request (NO LONGER BEING ACCEPTED),Streets and Sanitation,2019-08-18 09:41:28,2020-08-07 12:31:13,355.11788194444443,10.0,345.11788194444443,45.0
SR19-02154172,Street Light On During Day Complaint,CDOT - Department of Transportation,2019-08-08 12:43:08,2020-07-28 15:31:25,355.11686342592594,10.0,345.11686342592594,39.0
SR19-02656259,No Building Permit and Construction Violation,DOB - Buildings,2019-10-05 11:13:01,2020-09-24 14:00:50,355.1165393518518,10.0,345.1165393518518,32.0
SR19-03130825,Tree Trim Request (NO LONGER BEING ACCEPTED),Streets and Sanitation,2019-12-13 10:45:24,2020-12-02 12:50:05,355.0865856481482,10.0,345.0865856481482,39.0
SR19-01454525,Tree Planting Request,Streets and Sanitation,2019-05-08 13:46:14,2020-04-27 13:39:41,354.9954513888889,10.0,344.9954513888889,32.0
SR20-04283807,Tree Trim Request (NO LONGER BEING ACCEPTED),Streets and Sanitation,2020-06-05 16:58:49,2021-05-26 15:52:58,354.95427083333334,10.0,344.95427083333334,37.0
SR19-02826333,Tree Trim Request (NO LONGER BEING ACCEPTED),Streets and Sanitation,2019-10-28 05:30:36,2020-10-16 14:20:33,354.36802083333333,10.0,344.36802083333333,47.0
SR19-02666940,No Building Permit and Construction Violation,DOB - Buildings,2019-10-07 11:06:21,2020-09-24 14:00:50,353.1211689814815,10.0,343.1211689814815,32.0
SR19-02186088,Alley Light Out Complaint,CDOT - Department of Transportation,2019-08-12 16:46:07,2020-07-30 19:24:27,353.1099537037037,10.0,343.1099537037037,17.0
SR19-02431704,Sign Repair Request - All Other Signs,CDOT - Department of Transportation,2019-09-09 14:33:41,2020-08-27 11:43:09,352.8815740740741,10.0,342.8815740740741,41.0
SR19-01325763,Alley Light Out Complaint,CDOT - Department of Transportation,2019-04-13 22:27:12,2020-03-31 15:59:45,352.7309375,10.0,342.7309375,35.0
SR19-02289716,Street Light Out Complaint,CDOT - Department of Transportation,2019-08-23 18:56:08,2020-08-10 08:15:48,352.55532407407406,10.0,342.55532407407406,3.0
SR19-02296602,Alley Light Out Complaint,CDOT - Department of Transportation,2019-08-24 20:52:26,2020-08-11 06:09:09,352.3866087962963,10.0,342.3866087962963,10.0
SR18-00099701,Alley Light Out Complaint,CDOT - Department of Transportation,2018-07-31 13:36:33,2019-07-18 17:40:38,352.1695023148148,10.0,342.1695023148148,10.0
SR19-02674869,No Building Permit and Construction Violation,DOB - Buildings,2019-10-08 10:14:51,2020-09-24 14:00:50,352.1569328703704,10.0,342.1569328703704,32.0
SR19-02494815,Tree Trim Request (NO LONGER BEING ACCEPTED),Streets and Sanitation,2019-09-16 11:28:46,2020-09-02 11:10:13,351.9871180555556,10.0,341.9871180555556,45.0
SR19-03138104,Sewer Cleaning Inspection Request,DWM - Department of Water Management,2019-12-14 16:20:24,2020-11-30 11:50:12,351.8123611111111,10.0,341.8123611111111,45.0
SR19-02178292,Street Light On During Day Complaint,CDOT - Department of Transportation,2019-08-11 21:59:29,2020-07-28 15:31:25,351.73050925925924,10.0,341.73050925925924,39.0
SR19-02178299,Street Light On During Day Complaint,CDOT - Department of Transportation,2019-08-11 22:01:21,2020-07-28 15:31:25,351.72921296296295,10.0,341.72921296296295,39.0
SR19-02178306,Street Light On During Day Complaint,CDOT - Department of Transportation,2019-08-11 22:02:58,2020-07-28 15:31:25,351.72809027777777,10.0,341.72809027777777,39.0
SR19-02178318,Street Light On During Day Complaint,CDOT - Department of Transportation,2019-08-11 22:04:32,2020-07-28 15:31:25,351.7270023148148,10.0,341.7270023148148,39.0
SR19-02178416,Street Light On During Day Complaint,CDOT - Department of Transportation,2019-08-11 22:31:11,2020-07-28 15:31:25,351.7084953703704,10.0,341.7084953703704,39.0
SR19-02178430,Street Light On During Day Complaint,CDOT - Department of Transportation,2019-08-11 22:34:21,2020-07-28 15:31:25,351.7062962962963,10.0,341.7062962962963,39.0
SR19-02178439,Street Light On During Day Complaint,CDOT - Department of Transportation,2019-08-11 22:36:20,2020-07-28 15:31:25,351.70491898148146,10.0,341.70491898148146,39.0
SR19-02178488,Street Light On During Day Complaint,CDOT - Department of Transportation,2019-08-11 22:51:30,2020-07-28 15:31:25,351.6943865740741,10.0,341.6943865740741,39.0
SR19-02178490,Street Light On During Day Complaint,CDOT - Department of Transportation,2019-08-11 22:52:32,2020-07-28 15:31:25,351.6936689814815,10.0,341.6936689814815,39.0
SR19-02178500,Street Light On During Day Complaint,CDOT - Department of Transportation,2019-08-11 22:55:35,2020-07-28 15:31:25,351.6915509259259,10.0,341.6915509259259,39.0
SR19-02178528,Street Light On During Day Complaint,CDOT - Department of Transportation,2019-08-11 23:07:46,2020-07-28 15:31:25,351.68309027777775,10.0,341.68309027777775,39.0
SR19-02178532,Street Light On During Day Complaint,CDOT - Department of Transportation,2019-08-11 23:08:47,2020-07-28 15:31:25,351.68238425925927,10.0,341.68238425925927,39.0
SR19-02178533,Street Light On During Day Complaint,CDOT - Department of Transportation,2019-08-11 23:10:02,2020-07-28 15:31:25,351.6815162037037,10.0,341.6815162037037,39.0
SR19-02178539,Street Light On During Day Complaint,CDOT - Department of Transportation,2019-08-11 23:11:09,2020-07-28 15:31:25,351.68074074074076,10.0,341.68074074074076,39.0
SR19-02784271,Tree Trim Request (NO LONGER BEING ACCEPTED),Streets and Sanitation,2019-10-22 11:52:12,2020-10-07 16:02:41,351.17394675925925,10.0,341.17394675925925,8.0
SR19-02182063,Street Light On During Day Complaint,CDOT - Department of Transportation,2019-08-12 11:21:01,2020-07-28 15:31:25,351.1738888888889,10.0,341.1738888888889,39.0
SR19-02182084,Street Light On During Day Complaint,CDOT - Department of Transportation,2019-08-12 11:22:20,2020-07-28 15:31:25,351.172974537037,10.0,341.172974537037,39.0
SR19-02182120,Street Light On During Day Complaint,CDOT - Department of Transportation,2019-08-12 11:24:01,2020-07-28 15:31:25,351.1718055555556,10.0,341.1718055555556,39.0
SR19-02182151,Street Light On During Day Complaint,CDOT - Department of Transportation,2019-08-12 11:25:42,2020-07-28 15:31:25,351.1706365740741,10.0,341.1706365740741,39.0
SR19-02182167,Street Light On During Day Complaint,CDOT - Department of Transportation,2019-08-12 11:27:04,2020-07-28 15:31:25,351.1696875,10.0,341.1696875,39.0
SR19-02182185,Street Light On During Day Complaint,CDOT - Department of Transportation,2019-08-12 11:28:45,2020-07-28 15:31:25,351.1685185185185,10.0,341.1685185185185,39.0
SR19-02182246,Street Light On During Day Complaint,CDOT - Department of Transportation,2019-08-12 11:33:59,2020-07-28 15:31:25,351.1648842592593,10.0,341.1648842592593,39.0
SR19-02182261,Street Light On During Day Complaint,CDOT - Department of Transportation,2019-08-12 11:35:25,2020-07-28 15:31:25,351.1638888888889,10.0,341.1638888888889,39.0
SR19-02678089,Tree Removal Inspection,Streets and Sanitation,2019-10-08 15:02:36,2020-09-23 10:45:23,350.8213773148148,10.0,340.8213773148148,50.0
SR23-00548292,Sidewalk Inspection Request,CDOT - Department of Transportation,2023-04-11 13:03:44,2024-03-27 06:24:58,350.7230787037037,10.0,340.7230787037037,10.0
SR19-02188582,Street Light On During Day Complaint,CDOT - Department of Transportation,2019-08-13 00:28:47,2020-07-28 15:31:25,350.6268287037037,10.0,340.6268287037037,39.0
SR19-02188585,Street Light On During Day Complaint,CDOT - Department of Transportation,2019-08-13 00:30:43,2020-07-28 15:31:25,350.6254861111111,10.0,340.6254861111111,39.0
SR19-02188589,Street Light On During Day Complaint,CDOT - Department of Transportation,2019-08-13 00:32:11,2020-07-28 15:31:25,350.62446759259257,10.0,340.62446759259257,39.0
SR19-02188611,Street Light On During Day Complaint,CDOT - Department of Transportation,2019-08-13 00:43:53,2020-07-28 15:31:25,350.6163425925926,10.0,340.6163425925926,39.0
SR19-02188614,Street Light On During Day Complaint,CDOT - Department of Transportation,2019-08-13 00:44:52,2020-07-28 15:31:25,350.61565972222223,10.0,340.61565972222223,39.0
SR19-02188616,Street Light On During Day Complaint,CDOT - Department of Transportation,2019-08-13 00:46:25,2020-07-28 15:31:25,350.6145833333333,10.0,340.6145833333333,39.0
SR19-02188617,Street Light On During Day Complaint,CDOT - Department of Transportation,2019-08-13 00:47:47,2020-07-28 15:31:25,350.61363425925924,10.0,340.61363425925924,39.0
SR19-01903201,Tree Planting Request,Streets and Sanitation,2019-07-09 19:18:54,2020-06-24 09:56:23,350.60936342592595,10.0,340.60936342592595,1.0
SR19-02188746,Street Light On During Day Complaint,CDOT - Department of Transportation,2019-08-13 03:14:17,2020-07-28 15:31:25,350.51189814814813,10.0,340.51189814814813,39.0
SR19-02188747,Street Light On During Day Complaint,CDOT - Department of Transportation,2019-08-13 03:15:29,2020-07-28 15:31:25,350.5110648148148,10.0,340.5110648148148,39.0
SR19-02188750,Street Light On During Day Complaint,CDOT - Department of Transportation,2019-08-13 03:16:45,2020-07-28 15:31:25,350.5101851851852,10.0,340.5101851851852,39.0
SR19-02189581,Street Light On During Day Complaint,CDOT - Department of Transportation,2019-08-13 07:43:08,2020-07-28 15:31:25,350.32519675925926,10.0,340.32519675925926,39.0
SR19-02189590,Street Light On During Day Complaint,CDOT - Department of Transportation,2019-08-13 07:44:09,2020-07-28 15:31:25,350.3244907407407,10.0,340.3244907407407,39.0
SR25-00238714,Sign Repair Request - All Other Signs,CDOT - Department of Transportation,2025-02-13 15:38:32,2026-01-29 22:27:34,350.28405092592595,10.0,340.28405092592595,44.0
SR23-00504060,Sidewalk Inspection Request,CDOT - Department of Transportation,2023-04-03 10:33:53,2024-03-18 12:51:07,350.0953009259259,10.0,340.0953009259259,18.0
SR19-03056440,Water On Street Complaint,DWM - Department of Water Management,2019-12-02 08:34:30,2020-11-16 09:25:06,350.03513888888887,10.0,340.03513888888887,19.0
SR19-01078403,Street Light Out Complaint,CDOT - Department of Transportation,2019-02-27 07:14:15,2020-02-12 06:41:43,349.9774074074074,10.0,339.9774074074074,
SR19-02196230,Street Light On During Day Complaint,CDOT - Department of Transportation,2019-08-13 16:10:15,2020-07-28 15:31:25,349.9730324074074,10.0,339.9730324074074,39.0
SR19-02196237,Street Light On During Day Complaint,CDOT - Department of Transportation,2019-08-13 16:11:23,2020-07-28 15:31:25,349.9722453703704,10.0,339.9722453703704,39.0
SR19-02196290,Street Light On During Day Complaint,CDOT - Department of Transportation,2019-08-13 16:12:49,2020-07-28 15:31:25,349.97125,10.0,339.97125,39.0
SR20-03277566,Shared Cost Sidewalk Program Request,CDOT - Department of Transportation,2020-01-07 17:23:34,2020-12-22 11:50:17,349.76855324074074,10.0,339.76855324074074,34.0
SR25-00312435,Street Light Out Complaint,CDOT - Department of Transportation,2025-02-27 07:54:12,2026-02-12 01:54:05,349.74991898148147,10.0,339.74991898148147,4.0
SR20-04230867,Sidewalk Inspection Request,CDOT - Department of Transportation,2020-05-29 14:57:03,2021-05-14 08:44:42,349.7414236111111,10.0,339.7414236111111,37.0
SR19-02909247,Alley Light Out Complaint,CDOT - Department of Transportation,2019-11-08 11:12:19,2020-10-22 18:00:45,349.28363425925926,10.0,339.28363425925926,34.0
SR19-02224265,Alley Light Out Complaint,CDOT - Department of Transportation,2019-08-16 12:46:23,2020-07-30 19:24:27,349.27643518518516,10.0,339.27643518518516,17.0
SR20-04442984,Tree Trim Request (NO LONGER BEING ACCEPTED),Streets and Sanitation,2020-06-27 09:19:10,2021-06-11 12:49:15,349.1458912037037,10.0,339.1458912037037,8.0
SR19-02205647,Street Light On During Day Complaint,CDOT - Department of Transportation,2019-08-14 14:22:26,2020-07-28 15:31:25,349.0479050925926,10.0,339.0479050925926,39.0
SR19-02205665,Street Light On During Day Complaint,CDOT - Department of Transportation,2019-08-14 14:24:09,2020-07-28 15:31:25,349.04671296296294,10.0,339.04671296296294,39.0
SR19-02205680,Street Light On During Day Complaint,CDOT - Department of Transportation,2019-08-14 14:25:25,2020-07-28 15:31:25,349.04583333333335,10.0,339.04583333333335,39.0
SR19-02205692,Street Light On During Day Complaint,CDOT - Department of Transportation,2019-08-14 14:26:44,2020-07-28 15:31:25,349.0449189814815,10.0,339.0449189814815,39.0
SR19-02205733,Street Light On During Day Complaint,CDOT - Department of Transportation,2019-08-14 14:28:36,2020-07-28 15:31:25,349.0436226851852,10.0,339.0436226851852,39.0
SR19-02205937,Street Light On During Day Complaint,CDOT - Department of Transportation,2019-08-14 14:45:03,2020-07-28 15:31:25,349.0321990740741,10.0,339.0321990740741,39.0
SR19-02205949,Street Light On During Day Complaint,CDOT - Department of Transportation,2019-08-14 14:46:21,2020-07-28 15:31:25,349.0312962962963,10.0,339.0312962962963,39.0
SR19-02205992,Street Light On During Day Complaint,CDOT - Department of Transportation,2019-08-14 14:50:47,2020-07-28 15:31:25,349.02821759259257,10.0,339.02821759259257,39.0
SR19-02206007,Street Light On During Day Complaint,CDOT - Department of Transportation,2019-08-14 14:52:02,2020-07-28 15:31:25,349.027349537037,10.0,339.027349537037,39.0
SR19-02206025,Street Light On During Day Complaint,CDOT - Department of Transportation,2019-08-14 14:53:30,2020-07-28 15:31:25,349.02633101851853,10.0,339.02633101851853,39.0
SR19-02206033,Street Light On During Day Complaint,CDOT - Department of Transportation,2019-08-14 14:54:36,2020-07-28 15:31:25,349.0255671296296,10.0,339.0255671296296,39.0
SR19-02206048,Street Light On During Day Complaint,CDOT - Department of Transportation,2019-08-14 14:56:28,2020-07-28 15:31:25,349.02427083333333,10.0,339.02427083333333,39.0
SR19-02206068,Street Light On During Day Complaint,CDOT - Department of Transportation,2019-08-14 14:58:49,2020-07-28 15:31:25,349.0226388888889,10.0,339.0226388888889,39.0
SR22-00985816,Sidewalk Inspection Request,CDOT - Department of Transportation,2022-06-10 14:06:47,2023-05-25 08:13:09,348.7544212962963,10.0,338.7544212962963,45.0
SR19-02693107,Tree Trim Request (NO LONGER BEING ACCEPTED),Streets and Sanitation,2019-10-10 09:22:00,2020-09-22 13:50:44,348.18662037037035,10.0,338.18662037037035,46.0
SR19-02213990,Street Light On During Day Complaint,CDOT - Department of Transportation,2019-08-15 12:18:52,2020-07-28 15:31:25,348.13371527777775,10.0,338.13371527777775,39.0
SR19-02214016,Street Light On During Day Complaint,CDOT - Department of Transportation,2019-08-15 12:21:09,2020-07-28 15:31:25,348.1321296296296,10.0,338.1321296296296,39.0
SR19-02214034,Street Light On During Day Complaint,CDOT - Department of Transportation,2019-08-15 12:23:04,2020-07-28 15:31:25,348.1307986111111,10.0,338.1307986111111,39.0
SR19-02214051,Street Light On During Day Complaint,CDOT - Department of Transportation,2019-08-15 12:24:51,2020-07-28 15:31:25,348.1295601851852,10.0,338.1295601851852,39.0
SR25-00348148,Street Light Pole Door Missing Complaint,CDOT - Department of Transportation,2025-03-05 12:35:46,2026-02-16 14:36:51,348.0840856481482,10.0,338.0840856481482,46.0
SR25-00348175,Street Light Pole Door Missing Complaint,CDOT - Department of Transportation,2025-03-05 12:38:43,2026-02-16 14:33:36,348.0797800925926,10.0,338.0797800925926,46.0
SR25-00348201,Street Light Pole Door Missing Complaint,CDOT - Department of Transportation,2025-03-05 12:41:32,2026-02-16 14:33:32,348.0777777777778,10.0,338.0777777777778,46.0
SR19-02823387,Tree Trim Request (NO LONGER BEING ACCEPTED),Streets and Sanitation,2019-10-27 13:39:03,2020-10-09 11:24:35,347.9066203703704,10.0,337.9066203703704,8.0
SR19-01437799,Sidewalk Inspection Request,CDOT - Department of Transportation,2019-05-06 01:43:57,2020-04-17 12:27:47,347.44710648148146,10.0,337.44710648148146,23.0
SR25-00311896,Sidewalk Inspection Request,CDOT - Department of Transportation,2025-02-27 00:40:17,2026-02-09 11:12:10,347.4388078703704,10.0,337.4388078703704,10.0
SR19-01864672,Tree Trim Request (NO LONGER BEING ACCEPTED),Streets and Sanitation,2019-07-05 08:35:01,2020-06-16 12:05:34,347.1462152777778,10.0,337.1462152777778,7.0
SR19-01119076,Pothole in Street Complaint,CDOT - Department of Transportation,2019-03-07 07:40:37,2020-02-17 09:35:55,347.08006944444446,10.0,337.08006944444446,
SR19-02225117,Street Light On During Day Complaint,CDOT - Department of Transportation,2019-08-16 14:03:25,2020-07-28 15:31:25,347.06111111111113,10.0,337.06111111111113,39.0
SR19-02225133,Street Light On During Day Complaint,CDOT - Department of Transportation,2019-08-16 14:05:01,2020-07-28 15:31:25,347.06,10.0,337.06,39.0
SR19-02225145,Street Light On During Day Complaint,CDOT - Department of Transportation,2019-08-16 14:06:25,2020-07-28 15:31:25,347.05902777777777,10.0,337.05902777777777,39.0
SR19-02757837,Sign Repair Request - Stop Sign,CDOT - Department of Transportation,2019-10-18 14:12:25,2020-09-29 14:35:49,347.01625,10.0,337.01625,22.0
SR19-01404940,Alley Light Out Complaint,CDOT - Department of Transportation,2019-04-29 12:56:11,2020-04-10 09:09:19,346.8424537037037,10.0,336.8424537037037,34.0
SR25-00323754,Sign Repair Request - All Other Signs,CDOT - Department of Transportation,2025-02-28 16:46:50,2026-02-10 12:00:15,346.8009837962963,10.0,336.8009837962963,10.0
SR19-03229394,Alley Sewer Inspection Request,DWM - Department of Water Management,2019-12-30 18:28:21,2020-12-11 09:23:17,346.62148148148145,10.0,336.62148148148145,38.0
SR19-01813086,Sign Repair Request - All Other Signs,CDOT - Department of Transportation,2019-06-27 20:31:15,2020-06-08 08:37:13,346.5041435185185,10.0,336.5041435185185,37.0
SR19-02244659,Alley Light Out Complaint,CDOT - Department of Transportation,2019-08-19 12:43:40,2020-07-30 19:24:27,346.27832175925926,10.0,336.27832175925926,17.0
SR25-00286326,Sign Repair Request - All Other Signs,CDOT - Department of Transportation,2025-02-22 16:42:06,2026-02-03 22:51:09,346.25628472222223,10.0,336.25628472222223,16.0
SR20-04347338,Tree Planting Request,Streets and Sanitation,2020-06-14 09:28:08,2021-05-26 14:48:08,346.22222222222223,10.0,336.22222222222223,45.0
SR25-00326399,Inspect Public Way Request,CDOT - Department of Transportation,2025-03-01 10:45:38,2026-02-10 13:24:15,346.11015046296296,10.0,336.11015046296296,1.0
SR20-04317222,Tree Trim Request (NO LONGER BEING ACCEPTED),Streets and Sanitation,2020-06-10 10:22:24,2021-05-22 11:44:01,346.0566782407407,10.0,336.0566782407407,34.0
SR21-00972020,Tree Removal Inspection,Streets and Sanitation,2021-06-08 13:51:58,2022-05-20 10:17:34,345.8511111111111,10.0,335.8511111111111,36.0
SR21-01511103,Tree Trim Request (NO LONGER BEING ACCEPTED),Streets and Sanitation,2021-08-25 08:40:03,2022-08-05 12:19:39,345.1525,10.0,335.1525,28.0
SR20-04044830,Sewer Cleaning Inspection Request,DWM - Department of Water Management,2020-05-04 13:42:50,2021-04-14 09:42:49,344.83332175925926,10.0,334.83332175925926,50.0
SR19-01675696,Alley Light Out Complaint,CDOT - Department of Transportation,2019-06-10 21:59:39,2020-05-20 15:52:19,344.7449074074074,10.0,334.7449074074074,12.0
SR25-00342601,Sidewalk Inspection Request,CDOT - Department of Transportation,2025-03-04 15:22:39,2026-02-12 08:10:55,344.7001851851852,10.0,334.7001851851852,38.0
SR19-02242012,Street Light On During Day Complaint,CDOT - Department of Transportation,2019-08-19 09:41:01,2020-07-28 15:31:25,344.24333333333334,10.0,334.24333333333334,39.0
SR19-02242034,Street Light On During Day Complaint,CDOT - Department of Transportation,2019-08-19 09:42:25,2020-07-28 15:31:25,344.2423611111111,10.0,334.2423611111111,39.0
SR19-02242048,Street Light On During Day Complaint,CDOT - Department of Transportation,2019-08-19 09:43:38,2020-07-28 15:31:25,344.2415162037037,10.0,334.2415162037037,39.0
SR19-02242071,Street Light On During Day Complaint,CDOT - Department of Transportation,2019-08-19 09:44:48,2020-07-28 15:31:25,344.2407060185185,10.0,334.2407060185185,39.0
SR19-02242116,Street Light On During Day Complaint,CDOT - Department of Transportation,2019-08-19 09:46:39,2020-07-28 15:31:25,344.2394212962963,10.0,334.2394212962963,39.0
SR19-02242131,Street Light On During Day Complaint,CDOT - Department of Transportation,2019-08-19 09:47:50,2020-07-28 15:31:25,344.23859953703703,10.0,334.23859953703703,39.0
SR19-02242166,Street Light On During Day Complaint,CDOT - Department of Transportation,2019-08-19 09:51:04,2020-07-28 15:31:25,344.2363541666667,10.0,334.2363541666667,39.0
SR19-02242183,Street Light On During Day Complaint,CDOT - Department of Transportation,2019-08-19 09:52:23,2020-07-28 15:31:25,344.2354398148148,10.0,334.2354398148148,39.0
SR19-02242203,Street Light On During Day Complaint,CDOT - Department of Transportation,2019-08-19 09:53:55,2020-07-28 15:31:25,344.234375,10.0,334.234375,39.0
SR19-02173687,Tree Trim Request (NO LONGER BEING ACCEPTED),Streets and Sanitation,2019-08-11 07:19:32,2020-07-20 12:27:36,344.21393518518516,10.0,334.21393518518516,21.0
SR25-00329384,Sidewalk Inspection Request,CDOT - Department of Transportation,2025-03-02 08:25:46,2026-02-09 11:12:10,344.11555555555555,10.0,334.11555555555555,10.0
SR19-01886332,Tree Trim Request (NO LONGER BEING ACCEPTED),Streets and Sanitation,2019-07-08 10:39:58,2020-06-16 12:05:34,344.05944444444447,10.0,334.05944444444447,7.0
SR19-01311408,Sign Repair Request - All Other Signs,CDOT - Department of Transportation,2019-04-11 10:17:15,2020-03-20 10:28:57,344.008125,10.0,334.008125,12.0
SR19-00157152,Check for Leak,DWM - Department of Water Management,2019-02-04 08:09:03,2020-01-14 05:14:04,343.8784837962963,10.0,333.8784837962963,7.0
SR19-00033355,Alley Light Out Complaint,CDOT - Department of Transportation,2019-01-08 09:10:29,2019-12-18 05:52:28,343.8624884259259,10.0,333.8624884259259,7.0
SR19-03076457,Sewer Cleaning Inspection Request,DWM - Department of Water Management,2019-12-04 16:59:02,2020-11-12 12:13:02,343.8013888888889,10.0,333.8013888888889,9.0
SR19-03076459,Sewer Cleaning Inspection Request,DWM - Department of Water Management,2019-12-04 16:59:49,2020-11-12 12:13:02,343.8008449074074,10.0,333.8008449074074,9.0
SR25-00311083,Sign Repair Request - All Other Signs,CDOT - Department of Transportation,2025-02-26 19:14:21,2026-02-05 13:56:46,343.77945601851854,10.0,333.77945601851854,28.0
SR19-02268915,Traffic Signal Out Complaint,CDOT - Department of Transportation,2019-08-21 17:24:19,2020-07-30 06:23:00,343.5407523148148,10.0,333.5407523148148,10.0
SR19-00038400,Alley Light Out Complaint,CDOT - Department of Transportation,2019-01-08 19:55:08,2019-12-18 05:52:28,343.4148148148148,10.0,333.4148148148148,7.0
SR19-02370375,Alley Light Out Complaint,CDOT - Department of Transportation,2019-09-02 20:42:24,2020-08-11 06:09:09,343.3935763888889,10.0,333.3935763888889,10.0
SR19-02937718,Tree Trim Request (NO LONGER BEING ACCEPTED),Streets and Sanitation,2019-11-13 10:15:29,2020-10-21 14:01:16,343.1567939814815,10.0,333.1567939814815,5.0
SR19-02257263,Street Light On During Day Complaint,CDOT - Department of Transportation,2019-08-20 15:04:09,2020-07-28 15:31:25,343.01893518518517,10.0,333.01893518518517,39.0
SR19-02257275,Street Light On During Day Complaint,CDOT - Department of Transportation,2019-08-20 15:05:22,2020-07-28 15:31:25,343.0180902777778,10.0,333.0180902777778,39.0
SR19-02257295,Street Light On During Day Complaint,CDOT - Department of Transportation,2019-08-20 15:06:36,2020-07-28 15:31:25,343.0172337962963,10.0,333.0172337962963,39.0
SR19-02257308,Street Light On During Day Complaint,CDOT - Department of Transportation,2019-08-20 15:07:55,2020-07-28 15:31:25,343.01631944444443,10.0,333.01631944444443,39.0
SR19-02257330,Street Light On During Day Complaint,CDOT - Department of Transportation,2019-08-20 15:09:29,2020-07-28 15:31:25,343.01523148148146,10.0,333.01523148148146,39.0
SR19-02257361,Street Light On During Day Complaint,CDOT - Department of Transportation,2019-08-20 15:11:28,2020-07-28 15:31:25,343.01385416666665,10.0,333.01385416666665,39.0
SR19-02257370,Street Light On During Day Complaint,CDOT - Department of Transportation,2019-08-20 15:12:33,2020-07-28 15:31:25,343.01310185185184,10.0,333.01310185185184,39.0
SR19-02257385,Street Light On During Day Complaint,CDOT - Department of Transportation,2019-08-20 15:13:32,2020-07-28 15:31:25,343.01241898148146,10.0,333.01241898148146,39.0
SR19-01560267,Tree Planting Request,Streets and Sanitation,2019-05-24 17:57:25,2020-05-01 15:17:54,342.889224537037,10.0,332.889224537037,12.0
SR19-01351409,Sewer Cave-In Inspection Request,DWM - Department of Water Management,2019-04-18 15:59:40,2020-03-26 12:40:47,342.86188657407405,10.0,332.86188657407405,41.0
SR19-00036172,Sidewalk Inspection Request,CDOT - Department of Transportation,2019-01-08 13:59:27,2019-12-17 10:21:00,342.8482986111111,10.0,332.8482986111111,1.0
SR20-04445995,Tree Removal Inspection,Streets and Sanitation,2020-06-27 16:59:03,2021-06-05 09:57:18,342.70711805555555,10.0,332.70711805555555,24.0
SR20-05233777,Tree Trim Request (NO LONGER BEING ACCEPTED),Streets and Sanitation,2020-10-08 19:41:32,2021-09-16 12:11:09,342.6872337962963,10.0,332.6872337962963,9.0
SR19-01015849,Street Light Out Complaint,CDOT - Department of Transportation,2019-02-14 20:21:49,2020-01-23 09:37:38,342.55265046296296,10.0,332.55265046296296,50.0
SR19-01015855,Street Light Out Complaint,CDOT - Department of Transportation,2019-02-14 20:23:23,2020-01-23 09:37:38,342.5515625,10.0,332.5515625,50.0
SR20-03538121,Traffic Signal Out Complaint,CDOT - Department of Transportation,2020-02-18 10:12:21,2021-01-25 18:22:52,342.3406365740741,10.0,332.3406365740741,2.0
SR20-03949238,Sewer Cleaning Inspection Request,DWM - Department of Water Management,2020-04-21 04:19:24,2021-03-29 10:22:47,342.25234953703705,10.0,332.25234953703705,34.0
SR19-02288045,Alley Light Out Complaint,CDOT - Department of Transportation,2019-08-23 15:25:32,2020-07-30 19:24:27,342.1659143518518,10.0,332.1659143518518,17.0
SR19-00002679,Alley Light Out Complaint,CDOT - Department of Transportation,2019-01-01 19:21:31,2019-12-09 20:30:08,342.04765046296296,10.0,332.04765046296296,8.0
SR20-03274377,Shared Cost Sidewalk Program Request,CDOT - Department of Transportation,2020-01-07 11:56:35,2020-12-14 10:12:54,341.9279976851852,10.0,331.9279976851852,21.0
SR21-00858138,Tree Removal Inspection,Streets and Sanitation,2021-05-21 14:46:11,2022-04-28 08:04:22,341.72096064814815,10.0,331.72096064814815,23.0
SR20-04811003,Sidewalk Inspection Request,CDOT - Department of Transportation,2020-08-12 14:10:00,2021-07-20 07:27:14,341.7203009259259,10.0,331.7203009259259,36.0
SR19-00013340,Alley Light Out Complaint,CDOT - Department of Transportation,2019-01-04 08:35:51,2019-12-11 20:40:30,341.50322916666664,10.0,331.50322916666664,16.0
SR19-02513545,Sewer Cleaning Inspection Request,DWM - Department of Water Management,2019-09-18 09:37:41,2020-08-24 14:00:24,341.18244212962964,10.0,331.18244212962964,15.0
SR19-02140952,Tree Trim Request (NO LONGER BEING ACCEPTED),Streets and Sanitation,2019-08-07 07:25:31,2020-07-13 09:42:38,341.0952199074074,10.0,331.0952199074074,17.0
SR25-00347760,Sign Repair Request - All Other Signs,CDOT - Department of Transportation,2025-03-05 11:53:25,2026-02-09 13:42:46,341.0759375,10.0,331.0759375,18.0
SR19-01699860,Tree Removal Inspection,Streets and Sanitation,2019-06-13 14:15:51,2020-05-19 15:25:45,341.04854166666667,10.0,331.04854166666667,34.0
SR19-02350941,No Building Permit and Construction Violation,DOB - Buildings,2019-08-30 15:31:48,2020-08-05 14:54:49,340.97431712962964,10.0,330.97431712962964,37.0
SR20-03827099,Street Light Out Complaint,CDOT - Department of Transportation,2020-04-02 00:54:08,2021-03-08 06:23:34,340.22877314814815,10.0,330.22877314814815,11.0
SR19-01164180,Tree Removal Inspection,Streets and Sanitation,2019-03-15 08:27:19,2020-02-18 09:42:57,340.05252314814817,10.0,330.05252314814817,1.0
SR23-00561919,Sidewalk Inspection Request,CDOT - Department of Transportation,2023-04-13 12:23:25,2024-03-18 12:51:07,340.0192361111111,10.0,330.0192361111111,18.0
SR19-03098310,Tree Trim Request (NO LONGER BEING ACCEPTED),Streets and Sanitation,2019-12-08 14:08:48,2020-11-12 12:44:18,339.94131944444445,10.0,329.94131944444445,45.0
SR19-02289636,Street Light On During Day Complaint,CDOT - Department of Transportation,2019-08-23 18:45:30,2020-07-28 15:31:25,339.8652199074074,10.0,329.8652199074074,39.0
SR19-02289648,Street Light On During Day Complaint,CDOT - Department of Transportation,2019-08-23 18:46:41,2020-07-28 15:31:25,339.86439814814815,10.0,329.86439814814815,39.0
SR19-02289821,Street Light On During Day Complaint,CDOT - Department of Transportation,2019-08-23 19:13:04,2020-07-28 15:31:25,339.8460763888889,10.0,329.8460763888889,39.0
SR19-01352536,Restaurant Complaint,Health,2019-04-18 19:54:58,2020-03-23 15:33:08,339.81817129629627,10.0,329.81817129629627,14.0
SR19-00110971,Pothole in Street Complaint,CDOT - Department of Transportation,2019-01-24 11:46:12,2019-12-30 06:28:21,339.7792708333333,10.0,329.7792708333333,11.0
SR19-02291326,Street Light On During Day Complaint,CDOT - Department of Transportation,2019-08-23 23:41:42,2020-07-28 15:31:25,339.65952546296296,10.0,329.65952546296296,39.0
SR19-02291336,Street Light On During Day Complaint,CDOT - Department of Transportation,2019-08-23 23:44:21,2020-07-28 15:31:25,339.6576851851852,10.0,329.6576851851852,39.0
SR19-02291349,Street Light On During Day Complaint,CDOT - Department of Transportation,2019-08-23 23:46:48,2020-07-28 15:31:25,339.6559837962963,10.0,329.6559837962963,39.0
SR19-01027268,Street Light Out Complaint,CDOT - Department of Transportation,2019-02-17 22:49:44,2020-01-23 09:42:06,339.4530324074074,10.0,329.4530324074074,33.0
SR21-00678738,Low Water Pressure Complaint,DWM - Department of Water Management,2021-04-26 00:43:31,2022-03-31 08:44:54,339.3342939814815,10.0,329.3342939814815,34.0
SR19-02309851,Alley Light Out Complaint,CDOT - Department of Transportation,2019-08-26 13:43:13,2020-07-30 19:24:27,339.2369675925926,10.0,329.2369675925926,17.0
SR19-01659458,Tree Planting Request,Streets and Sanitation,2019-06-08 09:39:05,2020-05-12 14:01:47,339.1824305555556,10.0,329.1824305555556,10.0
SR25-00409291,Street Light Pole Door Missing Complaint,CDOT - Department of Transportation,2025-03-14 12:25:55,2026-02-16 14:31:51,339.0874537037037,10.0,329.0874537037037,46.0
SR25-00333246,Sidewalk Inspection Request,CDOT - Department of Transportation,2025-03-03 09:02:05,2026-02-05 10:11:37,339.048287037037,10.0,329.048287037037,21.0
SR19-00115715,Pothole in Street Complaint,CDOT - Department of Transportation,2019-01-25 10:21:22,2019-12-30 06:28:21,338.83818287037036,10.0,328.83818287037036,11.0
SR19-01631729,Sidewalk Inspection Request,CDOT - Department of Transportation,2019-06-04 16:28:49,2020-05-08 11:41:48,338.8006828703704,10.0,328.8006828703704,19.0
SR19-01541331,Street Light Pole Door Missing Complaint,CDOT - Department of Transportation,2019-05-22 12:42:41,2020-04-24 18:44:34,338.2513078703704,10.0,328.2513078703704,9.0
SR19-02446215,Tree Planting Request,Streets and Sanitation,2019-09-11 08:33:24,2020-08-14 14:05:38,338.2307175925926,10.0,328.2307175925926,49.0
SR19-00962397,Pothole in Street Complaint,CDOT - Department of Transportation,2019-02-05 11:14:40,2020-01-09 14:48:51,338.1487384259259,10.0,328.1487384259259,19.0
SR19-01032901,Street Light Out Complaint,CDOT - Department of Transportation,2019-02-19 06:48:35,2020-01-23 09:42:06,338.12049768518517,10.0,328.12049768518517,33.0
SR19-02321481,Alley Light Out Complaint,CDOT - Department of Transportation,2019-08-27 16:36:08,2020-07-30 19:24:27,338.1168865740741,10.0,328.1168865740741,17.0
SR19-02321504,Alley Light Out Complaint,CDOT - Department of Transportation,2019-08-27 16:39:01,2020-07-30 19:24:27,338.11488425925927,10.0,328.11488425925927,17.0
SR25-00329861,Sidewalk Inspection Request,CDOT - Department of Transportation,2025-03-02 11:15:51,2026-02-03 11:18:20,338.00172453703703,10.0,328.00172453703703,46.0
SR19-01069578,Alley Pothole Complaint,CDOT - Department of Transportation,2019-02-25 14:35:25,2020-01-29 13:07:54,337.93922453703703,10.0,327.93922453703703,35.0
SR19-02776560,Tree Trim Request (NO LONGER BEING ACCEPTED),Streets and Sanitation,2019-10-21 14:46:07,2020-09-23 12:45:22,337.91614583333336,10.0,327.91614583333336,16.0
SR25-00271269,Sign Repair Request - All Other Signs,CDOT - Department of Transportation,2025-02-19 20:26:29,2026-01-23 15:02:32,337.77503472222224,10.0,327.77503472222224,37.0
SR19-01038642,Street Light Out Complaint,CDOT - Department of Transportation,2019-02-19 17:31:51,2020-01-23 09:37:38,337.67068287037034,10.0,327.67068287037034,50.0
SR19-00006883,Alley Light Out Complaint,CDOT - Department of Transportation,2019-01-02 16:58:50,2019-12-06 06:19:15,337.5558449074074,10.0,327.5558449074074,20.0
SR20-04199031,Tree Planting Request,Streets and Sanitation,2020-05-25 17:15:45,2021-04-28 03:25:10,337.4232060185185,10.0,327.4232060185185,31.0
SR20-03272417,Shared Cost Sidewalk Program Request,CDOT - Department of Transportation,2020-01-07 09:11:24,2020-12-09 13:56:39,337.1980902777778,10.0,327.1980902777778,23.0
SR20-04683365,Tree Trim Request (NO LONGER BEING ACCEPTED),Streets and Sanitation,2020-07-28 09:19:58,2021-06-30 12:16:17,337.12244212962963,10.0,327.12244212962963,45.0
SR19-01040504,Street Light Out Complaint,CDOT - Department of Transportation,2019-02-20 07:13:10,2020-01-23 09:37:38,337.1003240740741,10.0,327.1003240740741,50.0
SR19-02895728,Tree Trim Request (NO LONGER BEING ACCEPTED),Streets and Sanitation,2019-11-06 11:37:19,2020-10-08 13:24:59,337.0747685185185,10.0,327.0747685185185,19.0
SR25-00340015,Sign Repair Request - All Other Signs,CDOT - Department of Transportation,2025-03-04 10:53:40,2026-02-04 10:07:05,336.967650462963,10.0,326.967650462963,39.0
SR23-01186727,Tree Planting Request,Streets and Sanitation,2023-07-21 11:37:32,2024-06-22 10:29:58,336.9530787037037,10.0,326.9530787037037,11.0
SR19-01664618,Tree Planting Request,Streets and Sanitation,2019-06-09 15:55:28,2020-05-11 12:55:06,336.87474537037036,10.0,326.87474537037036,41.0
SR19-02023785,Alley Light Out Complaint,CDOT - Department of Transportation,2019-07-24 02:10:15,2020-06-24 19:53:48,336.7385763888889,10.0,326.7385763888889,6.0
SR25-00373796,Sign Repair Request - All Other Signs,CDOT - Department of Transportation,2025-03-09 20:18:55,2026-02-09 13:42:46,336.72489583333333,10.0,326.72489583333333,18.0
SR19-01924166,Tree Planting Request,Streets and Sanitation,2019-07-11 17:58:54,2020-06-12 09:39:48,336.6534027777778,10.0,326.6534027777778,24.0
SR19-00012566,Alley Light Out Complaint,CDOT - Department of Transportation,2019-01-03 21:57:51,2019-12-06 06:28:55,336.3549074074074,10.0,326.3549074074074,20.0
SR20-04658961,Tree Trim Request (NO LONGER BEING ACCEPTED),Streets and Sanitation,2020-07-24 12:37:00,2021-06-25 17:50:17,336.21755787037034,10.0,326.21755787037034,36.0
SR19-02795541,Tree Trim Request (NO LONGER BEING ACCEPTED),Streets and Sanitation,2019-10-23 14:11:10,2020-09-23 13:47:19,335.9834375,10.0,325.9834375,37.0
SR20-04402485,Tree Planting Request,Streets and Sanitation,2020-06-22 09:12:26,2021-05-24 08:45:13,335.98109953703704,10.0,325.98109953703704,45.0
SR19-01217927,Alley Pothole Complaint,CDOT - Department of Transportation,2019-03-25 13:22:03,2020-02-24 12:29:11,335.96328703703705,10.0,325.96328703703705,35.0
SR19-01128577,Pothole in Street Complaint,CDOT - Department of Transportation,2019-03-08 16:46:48,2020-02-07 14:26:13,335.9023726851852,10.0,325.9023726851852,
SR19-02252383,Traffic Signal Out Complaint,CDOT - Department of Transportation,2019-08-20 09:13:40,2020-07-21 06:20:35,335.8798032407407,10.0,325.8798032407407,28.0
SR19-01206720,Tree Planting Request,Streets and Sanitation,2019-03-22 16:15:32,2020-02-21 08:41:51,335.68494212962963,10.0,325.68494212962963,43.0
SR19-01552812,Tree Planting Request,Streets and Sanitation,2019-05-23 17:11:38,2020-04-23 08:58:10,335.6573148148148,10.0,325.6573148148148,45.0
SR25-00305444,Sidewalk Inspection Request,CDOT - Department of Transportation,2025-02-26 05:20:46,2026-01-27 08:52:55,335.14732638888887,10.0,325.14732638888887,38.0
SR25-00305463,Sidewalk Inspection Request,CDOT - Department of Transportation,2025-02-26 05:32:34,2026-01-27 08:52:55,335.13913194444444,10.0,325.13913194444444,38.0
SR20-04589803,Tree Trim Request (NO LONGER BEING ACCEPTED),Streets and Sanitation,2020-07-16 11:16:34,2021-06-16 12:34:50,335.05435185185183,10.0,325.05435185185183,36.0
SR19-03044503,Tree Trim Request (NO LONGER BEING ACCEPTED),Streets and Sanitation,2019-11-29 17:05:23,2020-10-29 11:45:48,334.7780671296296,10.0,324.7780671296296,47.0
SR19-02445135,Tree Trim Request (NO LONGER BEING ACCEPTED),Streets and Sanitation,2019-09-11 01:43:13,2020-08-10 15:14:37,334.56347222222223,10.0,324.56347222222223,21.0
SR19-01226504,Pothole in Street Complaint,CDOT - Department of Transportation,2019-03-26 21:59:44,2020-02-24 11:26:35,334.5603125,10.0,324.5603125,
SR19-00007592,Street Light Pole Door Missing Complaint,CDOT - Department of Transportation,2019-01-02 20:53:03,2019-12-03 08:21:19,334.477962962963,10.0,324.477962962963,43.0
SR19-00074437,Sewer Cleaning Inspection Request,DWM - Department of Water Management,2019-01-16 10:31:51,2019-12-16 13:57:16,334.142650462963,10.0,324.142650462963,29.0
SR19-01596436,Tree Planting Request,Streets and Sanitation,2019-05-30 11:59:22,2020-04-28 11:38:55,333.98579861111114,10.0,323.98579861111114,45.0
SR19-02342929,Street Light On During Day Complaint,CDOT - Department of Transportation,2019-08-29 17:34:45,2020-07-28 15:31:25,333.91435185185185,10.0,323.91435185185185,39.0
SR19-02342947,Street Light On During Day Complaint,CDOT - Department of Transportation,2019-08-29 17:36:06,2020-07-28 15:31:25,333.9134143518518,10.0,323.9134143518518,39.0
SR20-04011299,Water On Street Complaint,DWM - Department of Water Management,2020-04-29 12:26:00,2021-03-29 10:20:48,333.91305555555556,10.0,323.91305555555556,34.0
SR19-02342964,Street Light On During Day Complaint,CDOT - Department of Transportation,2019-08-29 17:37:25,2020-07-28 15:31:25,333.9125,10.0,323.9125,39.0
SR19-02342975,Street Light On During Day Complaint,CDOT - Department of Transportation,2019-08-29 17:38:31,2020-07-28 15:31:25,333.9117361111111,10.0,323.9117361111111,39.0
SR19-02342986,Street Light On During Day Complaint,CDOT - Department of Transportation,2019-08-29 17:39:40,2020-07-28 15:31:25,333.9109375,10.0,323.9109375,39.0
SR19-02343003,Street Light On During Day Complaint,CDOT - Department of Transportation,2019-08-29 17:41:52,2020-07-28 15:31:25,333.9094097222222,10.0,323.9094097222222,39.0
SR19-02343016,Street Light On During Day Complaint,CDOT - Department of Transportation,2019-08-29 17:43:22,2020-07-28 15:31:25,333.90836805555557,10.0,323.90836805555557,39.0
SR19-02343024,Street Light On During Day Complaint,CDOT - Department of Transportation,2019-08-29 17:44:29,2020-07-28 15:31:25,333.9075925925926,10.0,323.9075925925926,39.0
SR19-01758117,Tree Removal Inspection,Streets and Sanitation,2019-06-20 23:03:47,2020-05-19 16:27:39,333.7249074074074,10.0,323.7249074074074,9.0
SR19-02470969,Alley Light Out Complaint,CDOT - Department of Transportation,2019-09-12 20:42:46,2020-08-11 06:09:09,333.39332175925927,10.0,323.39332175925927,10.0
SR25-00400028,Sign Repair Request - All Other Signs,CDOT - Department of Transportation,2025-03-13 08:45:16,2026-02-09 13:42:46,333.20659722222223,10.0,323.20659722222223,18.0
SR19-02776454,Tree Trim Request (NO LONGER BEING ACCEPTED),Streets and Sanitation,2019-10-21 14:37:03,2020-09-18 13:12:16,332.9411226851852,10.0,322.9411226851852,14.0
SR19-01351733,Sewer Cave-In Inspection Request,DWM - Department of Water Management,2019-04-18 16:47:38,2020-03-16 11:45:16,332.7900231481481,10.0,322.7900231481481,43.0
SR20-03359064,Sewer Cleaning Inspection Request,DWM - Department of Water Management,2020-01-20 19:34:06,2020-12-18 10:38:04,332.62775462962964,10.0,322.62775462962964,27.0
SR25-00358938,Sidewalk Inspection Request,CDOT - Department of Transportation,2025-03-06 22:45:38,2026-02-02 13:36:06,332.61837962962966,10.0,322.61837962962966,45.0
SR18-00220044,Alley Light Out Complaint,CDOT - Department of Transportation,2018-12-21 08:56:26,2019-11-18 18:45:46,332.4092592592593,10.0,322.4092592592593,26.0
SR19-00979721,Pothole in Street Complaint,CDOT - Department of Transportation,2019-02-08 06:44:11,2020-01-06 13:20:28,332.27519675925925,10.0,322.27519675925925,8.0
SR19-01575265,Tree Removal Inspection,Streets and Sanitation,2019-05-28 07:10:30,2020-04-24 10:03:27,332.1201041666667,10.0,322.1201041666667,8.0
SR20-04443631,Tree Trim Request (NO LONGER BEING ACCEPTED),Streets and Sanitation,2020-06-27 10:53:59,2021-05-25 11:26:05,332.02229166666666,10.0,322.02229166666666,21.0
SR19-00145737,Pothole in Street Complaint,CDOT - Department of Transportation,2019-02-01 07:51:14,2019-12-30 06:30:03,331.9436226851852,10.0,321.9436226851852,25.0
SR20-03847072,Tree Trim Request (NO LONGER BEING ACCEPTED),Streets and Sanitation,2020-04-05 10:48:01,2021-03-03 08:15:07,331.89381944444443,10.0,321.89381944444443,31.0
SR19-02311031,Water On Street Complaint,DWM - Department of Water Management,2019-08-26 15:16:56,2020-07-23 09:30:32,331.75944444444445,10.0,321.75944444444445,13.0
SR20-04617309,Tree Trim Request (NO LONGER BEING ACCEPTED),Streets and Sanitation,2020-07-19 20:00:46,2021-06-16 13:18:38,331.7207407407407,10.0,321.7207407407407,36.0
SR20-05713566,Sidewalk Inspection Request,CDOT - Department of Transportation,2020-12-29 15:16:25,2021-11-26 07:58:15,331.6957175925926,10.0,321.6957175925926,47.0
SR20-04324442,Tree Trim Request (NO LONGER BEING ACCEPTED),Streets and Sanitation,2020-06-11 02:56:02,2021-05-08 11:37:56,331.36243055555553,10.0,321.36243055555553,21.0
SR20-05666354,Tree Trim Request (NO LONGER BEING ACCEPTED),Streets and Sanitation,2020-12-21 08:35:15,2021-11-17 12:10:35,331.149537037037,10.0,321.149537037037,48.0
SR18-00198037,Alley Light Out Complaint,CDOT - Department of Transportation,2018-12-19 13:46:38,2019-11-15 15:56:17,331.09003472222224,10.0,321.09003472222224,21.0
SR19-01585284,Tree Removal Inspection,Streets and Sanitation,2019-05-29 09:20:45,2020-04-24 10:03:27,331.02965277777776,10.0,321.02965277777776,8.0
SR19-01228282,Alley Pothole Complaint,CDOT - Department of Transportation,2019-03-27 10:26:45,2020-02-21 09:48:40,330.9735532407407,10.0,320.9735532407407,26.0
SR18-00200634,Alley Light Out Complaint,CDOT - Department of Transportation,2018-12-19 17:25:43,2019-11-15 15:56:17,330.93789351851854,10.0,320.93789351851854,21.0
SR19-00076469,Tree Planting Request,Streets and Sanitation,2019-01-16 15:32:53,2019-12-13 08:26:02,330.7035763888889,10.0,320.7035763888889,48.0
SR18-00213854,Alley Light Out Complaint,CDOT - Department of Transportation,2018-12-20 00:00:50,2019-11-15 15:56:17,330.66350694444446,10.0,320.66350694444446,21.0
SR19-02372333,Tree Trim Request (NO LONGER BEING ACCEPTED),Streets and Sanitation,2019-09-03 08:40:12,2020-07-29 14:48:03,330.2554513888889,10.0,320.2554513888889,26.0
SR19-02372390,Tree Trim Request (NO LONGER BEING ACCEPTED),Streets and Sanitation,2019-09-03 08:46:07,2020-07-29 14:47:40,330.25107638888886,10.0,320.25107638888886,26.0
SR18-00194446,Alley Light Out Complaint,CDOT - Department of Transportation,2018-12-18 19:53:34,2019-11-13 20:39:54,330.0321759259259,10.0,320.0321759259259,21.0
SR19-00076486,Tree Planting Request,Streets and Sanitation,2019-01-16 15:35:15,2019-12-12 16:04:06,330.02003472222225,10.0,320.02003472222225,48.0
SR19-01163159,Alley Light Out Complaint,CDOT - Department of Transportation,2019-03-14 23:41:47,2020-02-07 17:25:20,329.7385763888889,10.0,319.7385763888889,25.0
SR19-01961634,Alley Light Out Complaint,CDOT - Department of Transportation,2019-07-16 16:59:49,2020-06-10 08:50:47,329.6603935185185,10.0,319.6603935185185,22.0
SR19-02374049,Tree Trim Request (NO LONGER BEING ACCEPTED),Streets and Sanitation,2019-09-03 10:53:04,2020-07-28 16:53:00,329.2499537037037,10.0,319.2499537037037,26.0
SR19-01620365,Street Light On During Day Complaint,CDOT - Department of Transportation,2019-06-03 12:31:15,2020-04-27 16:06:15,329.14930555555554,10.0,319.14930555555554,4.0
SR19-02338623,Tree Trim Request (NO LONGER BEING ACCEPTED),Streets and Sanitation,2019-08-29 11:11:52,2020-07-23 11:47:08,329.02449074074076,10.0,319.02449074074076,21.0
SR19-02849590,Tree Trim Request (NO LONGER BEING ACCEPTED),Streets and Sanitation,2019-10-30 13:36:34,2020-09-23 13:47:19,329.0074652777778,10.0,319.0074652777778,37.0
SR19-00081086,Alley Pothole Complaint,CDOT - Department of Transportation,2019-01-17 13:55:26,2019-12-12 12:06:36,328.9244212962963,10.0,318.9244212962963,35.0
SR25-00386674,Sign Repair Request - All Other Signs,CDOT - Department of Transportation,2025-03-11 12:21:34,2026-02-03 10:27:30,328.92078703703703,10.0,318.92078703703703,7.0
SR19-00157199,Pothole in Street Complaint,CDOT - Department of Transportation,2019-02-04 08:22:28,2019-12-30 06:28:21,328.9207523148148,10.0,318.9207523148148,11.0
SR21-01227720,Sidewalk Inspection Request,CDOT - Department of Transportation,2021-07-14 17:27:41,2022-06-08 14:44:52,328.88693287037034,10.0,318.88693287037034,38.0
SR25-00427864,Sign Repair Request - All Other Signs,CDOT - Department of Transportation,2025-03-17 15:42:32,2026-02-09 10:52:00,328.79824074074077,10.0,318.79824074074077,2.0
SR19-01507171,Street Light On During Day Complaint,CDOT - Department of Transportation,2019-05-16 21:10:46,2020-04-09 15:04:21,328.7455439814815,10.0,318.7455439814815,38.0
SR21-01081077,Sidewalk Inspection Request,CDOT - Department of Transportation,2021-06-23 19:19:54,2022-05-18 09:42:09,328.5987847222222,10.0,318.5987847222222,41.0
SR19-02403282,Alley Light Out Complaint,CDOT - Department of Transportation,2019-09-06 07:28:50,2020-07-30 18:41:46,328.4673148148148,10.0,318.4673148148148,17.0
SR19-02372616,Tree Trim Request (NO LONGER BEING ACCEPTED),Streets and Sanitation,2019-09-03 09:07:44,2020-07-27 13:17:04,328.17314814814813,10.0,318.17314814814813,26.0
SR19-00033470,Sidewalk Inspection Request,CDOT - Department of Transportation,2019-01-08 09:20:16,2019-12-02 11:43:52,328.0997222222222,10.0,318.0997222222222,8.0
SR25-00446153,Sign Repair Request - All Other Signs,CDOT - Department of Transportation,2025-03-20 10:59:17,2026-02-11 11:09:40,328.00721064814815,10.0,318.00721064814815,37.0
SR25-00473845,Tree Removal Inspection,Streets and Sanitation,2025-03-25 12:23:47,2026-02-16 09:07:13,327.86349537037034,10.0,317.86349537037034,45.0
SR25-00452943,Sidewalk Inspection Request,CDOT - Department of Transportation,2025-03-21 11:42:39,2026-02-12 08:10:55,327.852962962963,10.0,317.852962962963,38.0
SR19-00961630,Pothole in Street Complaint,CDOT - Department of Transportation,2019-02-05 10:05:43,2019-12-30 06:28:21,327.84905092592595,10.0,317.84905092592595,11.0
SR20-04366302,Tree Trim Request (NO LONGER BEING ACCEPTED),Streets and Sanitation,2020-06-16 19:24:13,2021-05-10 15:09:34,327.8231597222222,10.0,317.8231597222222,22.0
SR25-00474255,Pothole in Street Complaint,CDOT - Department of Transportation,2025-03-25 13:08:35,2026-02-16 08:45:29,327.8172916666667,10.0,317.8172916666667,39.0
SR19-01043772,Sewer Cleaning Inspection Request,DWM - Department of Water Management,2019-02-20 13:51:49,2020-01-14 06:19:59,327.68622685185187,10.0,317.68622685185187,46.0
SR25-00399837,Sign Repair Request - All Other Signs,CDOT - Department of Transportation,2025-03-13 08:20:24,2026-02-03 22:54:38,327.6071064814815,10.0,317.6071064814815,16.0
SR19-01816487,Alley Light Out Complaint,CDOT - Department of Transportation,2019-06-28 10:17:17,2020-05-20 23:22:16,327.5451273148148,10.0,317.5451273148148,23.0
SR19-01018570,Tree Planting Request,Streets and Sanitation,2019-02-15 11:58:22,2020-01-08 15:32:58,327.1490277777778,10.0,317.1490277777778,41.0
SR19-01550480,Alley Light Out Complaint,CDOT - Department of Transportation,2019-05-23 13:28:07,2020-04-14 15:11:29,327.0717824074074,10.0,317.0717824074074,13.0
SR19-01462423,Alley Light Out Complaint,CDOT - Department of Transportation,2019-05-09 14:40:48,2020-03-31 16:02:08,327.05648148148146,10.0,317.05648148148146,33.0
SR21-00996508,Tree Removal Inspection,Streets and Sanitation,2021-06-11 16:21:16,2022-05-04 10:50:51,326.77054398148147,10.0,316.77054398148147,16.0
SR19-01201053,Sidewalk Inspection Request,CDOT - Department of Transportation,2019-03-21 16:42:15,2020-02-11 07:09:41,326.6023842592593,10.0,316.6023842592593,
SR20-03399268,Street Light Out Complaint,CDOT - Department of Transportation,2020-01-27 09:34:38,2020-12-18 20:30:04,326.45516203703704,10.0,316.45516203703704,5.0
SR20-03399761,Street Light Out Complaint,CDOT - Department of Transportation,2020-01-27 10:09:46,2020-12-18 20:30:04,326.43076388888886,10.0,316.43076388888886,5.0
SR20-03399793,Street Light Out Complaint,CDOT - Department of Transportation,2020-01-27 10:11:56,2020-12-18 20:30:04,326.42925925925925,10.0,316.42925925925925,5.0
SR20-03399813,Street Light Out Complaint,CDOT - Department of Transportation,2020-01-27 10:13:18,2020-12-18 20:30:04,326.4283101851852,10.0,316.4283101851852,5.0
SR19-02900628,Tree Trim Request (NO LONGER BEING ACCEPTED),Streets and Sanitation,2019-11-07 07:39:50,2020-09-28 13:47:07,326.25505787037036,10.0,316.25505787037036,44.0
SR19-02272959,Tree Trim Request (NO LONGER BEING ACCEPTED),Streets and Sanitation,2019-08-22 08:44:05,2020-07-13 14:39:13,326.24662037037035,10.0,316.24662037037035,17.0
SR19-00973525,Pothole in Street Complaint,CDOT - Department of Transportation,2019-02-07 06:24:09,2019-12-30 06:30:03,326.00409722222224,10.0,316.00409722222224,25.0
SR25-00416373,Sign Repair Request - All Other Signs,CDOT - Department of Transportation,2025-03-15 15:11:05,2026-02-04 13:33:55,325.93252314814816,10.0,315.93252314814816,20.0
SR19-02287464,Tree Trim Request (NO LONGER BEING ACCEPTED),Streets and Sanitation,2019-08-23 14:29:45,2020-07-14 12:19:16,325.90938657407406,10.0,315.90938657407406,50.0
SR19-00055334,Alley Light Out Complaint,CDOT - Department of Transportation,2019-01-11 20:19:24,2019-12-03 15:42:52,325.80796296296296,10.0,315.80796296296296,33.0
SR25-00463269,Sidewalk Inspection Request,CDOT - Department of Transportation,2025-03-23 16:41:40,2026-02-12 08:10:55,325.6453125,10.0,315.6453125,38.0
SR25-00463270,Sidewalk Inspection Request,CDOT - Department of Transportation,2025-03-23 16:41:41,2026-02-12 08:10:55,325.64530092592594,10.0,315.64530092592594,38.0
SR19-00976928,Pothole in Street Complaint,CDOT - Department of Transportation,2019-02-07 15:01:04,2019-12-30 06:30:03,325.64512731481483,10.0,315.64512731481483,25.0
SR19-00977731,Pothole in Street Complaint,CDOT - Department of Transportation,2019-02-07 16:40:14,2019-12-30 06:28:21,325.5750810185185,10.0,315.5750810185185,11.0
SR25-00408555,Sidewalk Inspection Request,CDOT - Department of Transportation,2025-03-14 10:59:34,2026-02-02 14:04:31,325.1284375,10.0,315.1284375,30.0
SR20-04657452,Tree Removal Inspection,Streets and Sanitation,2020-07-24 10:12:41,2021-06-14 12:29:10,325.0947800925926,10.0,315.0947800925926,48.0
SR20-04191473,Sewer Cleaning Inspection Request,DWM - Department of Water Management,2020-05-24 10:41:56,2021-04-14 10:04:12,324.9737962962963,10.0,314.9737962962963,10.0
SR25-00493479,Tree Removal Inspection,Streets and Sanitation,2025-03-28 10:05:59,2026-02-16 08:50:24,324.9475115740741,10.0,314.9475115740741,22.0
SR19-01323983,Check for Leak,DWM - Department of Water Management,2019-04-13 13:22:01,2020-03-03 11:55:35,324.93997685185184,10.0,314.93997685185184,33.0
SR25-00369041,Sidewalk Inspection Request,CDOT - Department of Transportation,2025-03-08 16:48:07,2026-01-27 13:27:42,324.86082175925924,10.0,314.86082175925924,39.0
SR19-01325253,Check for Leak,DWM - Department of Water Management,2019-04-13 19:06:58,2020-03-03 11:55:35,324.70042824074073,10.0,314.70042824074073,33.0
SR19-01530004,Street Light On During Day Complaint,CDOT - Department of Transportation,2019-05-21 06:48:16,2020-04-09 14:41:02,324.32831018518516,10.0,314.32831018518516,50.0
SR19-03066437,Alley Light Out Complaint,CDOT - Department of Transportation,2019-12-03 12:57:58,2020-10-22 17:56:12,324.2071064814815,10.0,314.2071064814815,9.0
SR19-03074019,Alley Light Out Complaint,CDOT - Department of Transportation,2019-12-04 12:33:09,2020-10-23 16:27:23,324.162662037037,10.0,314.162662037037,7.0
SR19-01191854,Pothole in Street Complaint,CDOT - Department of Transportation,2019-03-20 11:37:22,2020-02-07 14:25:25,324.1167013888889,10.0,314.1167013888889,41.0
SR20-03956071,Street Light On During Day Complaint,CDOT - Department of Transportation,2020-04-21 16:12:57,2021-03-11 16:34:56,324.01526620370373,10.0,314.01526620370373,25.0
SR25-00431899,Sidewalk Inspection Request,CDOT - Department of Transportation,2025-03-18 10:12:26,2026-02-05 10:01:25,323.99234953703706,10.0,313.99234953703706,8.0
SR19-02376600,Tree Trim Request (NO LONGER BEING ACCEPTED),Streets and Sanitation,2019-09-03 13:56:39,2020-07-23 11:47:08,323.9100578703704,10.0,313.9100578703704,21.0
SR25-00473515,Sidewalk Inspection Request,CDOT - Department of Transportation,2025-03-25 11:51:21,2026-02-12 08:10:55,323.8469212962963,10.0,313.8469212962963,38.0
SR20-04000117,Street Light On During Day Complaint,CDOT - Department of Transportation,2020-04-27 21:17:26,2021-03-17 16:37:12,323.80539351851854,10.0,313.80539351851854,19.0
SR20-04523103,Tree Trim Request (NO LONGER BEING ACCEPTED),Streets and Sanitation,2020-07-08 11:56:43,2021-05-27 16:11:43,323.1770833333333,10.0,313.1770833333333,8.0
SR19-02438787,Tree Trim Request (NO LONGER BEING ACCEPTED),Streets and Sanitation,2019-09-10 10:46:30,2020-07-29 11:24:46,323.02657407407406,10.0,313.02657407407406,49.0
SR25-00474088,Sign Repair Request - All Other Signs,CDOT - Department of Transportation,2025-03-25 12:49:28,2026-02-11 11:09:40,322.93069444444444,10.0,312.93069444444444,37.0
SR19-02433975,Street Light On During Day Complaint,CDOT - Department of Transportation,2019-09-09 18:34:31,2020-07-28 15:31:25,322.8728472222222,10.0,312.8728472222222,39.0
SR19-02433985,Street Light On During Day Complaint,CDOT - Department of Transportation,2019-09-09 18:35:46,2020-07-28 15:31:25,322.8719791666667,10.0,312.8719791666667,39.0
SR19-02434102,Street Light On During Day Complaint,CDOT - Department of Transportation,2019-09-09 18:50:42,2020-07-28 15:31:25,322.8616087962963,10.0,312.8616087962963,39.0
SR19-02434116,Street Light On During Day Complaint,CDOT - Department of Transportation,2019-09-09 18:52:16,2020-07-28 15:31:25,322.86052083333334,10.0,312.86052083333334,39.0
SR19-02019532,Alley Light Out Complaint,CDOT - Department of Transportation,2019-07-23 14:33:37,2020-06-10 08:50:47,322.7619212962963,10.0,312.7619212962963,22.0
SR19-01188656,Alley Pothole Complaint,CDOT - Department of Transportation,2019-03-19 19:00:31,2020-02-05 12:19:36,322.72158564814816,10.0,312.72158564814816,29.0
SR19-01334013,Tree Removal Inspection,Streets and Sanitation,2019-04-15 19:29:53,2020-03-03 11:32:06,322.6682060185185,10.0,312.6682060185185,11.0
SR19-01154462,Alley Light Out Complaint,CDOT - Department of Transportation,2019-03-13 18:38:20,2020-01-30 08:19:58,322.5705787037037,10.0,312.5705787037037,10.0
SR20-04014541,Water On Street Complaint,DWM - Department of Water Management,2020-04-29 18:51:43,2021-03-18 08:16:01,322.55854166666666,10.0,312.55854166666666,30.0
SR19-01790192,Alley Light Out Complaint,CDOT - Department of Transportation,2019-06-25 12:20:13,2020-05-12 19:44:33,322.3085648148148,10.0,312.3085648148148,3.0
SR19-02474691,Tree Trim Request (NO LONGER BEING ACCEPTED),Streets and Sanitation,2019-09-13 10:16:09,2020-07-31 12:39:54,322.0998263888889,10.0,312.0998263888889,16.0
SR25-00480440,Sign Repair Request - All Other Signs,CDOT - Department of Transportation,2025-03-26 12:13:35,2026-02-11 11:09:40,321.95561342592595,10.0,311.95561342592595,37.0
SR19-01795107,Alley Light Out Complaint,CDOT - Department of Transportation,2019-06-25 22:33:55,2020-05-12 19:44:33,321.88238425925925,10.0,311.88238425925925,3.0
SR25-00390133,Sidewalk Inspection Request,CDOT - Department of Transportation,2025-03-11 18:43:33,2026-01-27 12:27:01,321.7385185185185,10.0,311.7385185185185,28.0
SR19-01458542,Street Light On During Day Complaint,CDOT - Department of Transportation,2019-05-09 07:56:30,2020-03-25 15:19:52,321.30789351851854,10.0,311.30789351851854,25.0
SR25-00451124,Sign Repair Request - All Other Signs,CDOT - Department of Transportation,2025-03-21 07:23:39,2026-02-05 10:40:00,321.13635416666665,10.0,311.13635416666665,1.0
SR19-02515536,Tree Trim Request (NO LONGER BEING ACCEPTED),Streets and Sanitation,2019-09-18 11:56:50,2020-08-04 15:09:22,321.1337037037037,10.0,311.1337037037037,14.0
SR19-01557429,Street Light On During Day Complaint,CDOT - Department of Transportation,2019-05-24 11:57:37,2020-04-09 14:41:02,321.1134837962963,10.0,311.1134837962963,50.0
SR20-03797119,Sewer Cleaning Inspection Request,DWM - Department of Water Management,2020-03-28 15:54:19,2021-02-12 16:22:14,321.0193865740741,10.0,311.0193865740741,37.0
SR20-04012796,Sewer Cleaning Inspection Request,DWM - Department of Water Management,2020-04-29 14:44:37,2021-03-16 12:11:20,320.89355324074074,10.0,310.89355324074074,45.0
SR20-04174114,Tree Trim Request (NO LONGER BEING ACCEPTED),Streets and Sanitation,2020-05-21 15:39:13,2021-04-07 08:39:14,320.7083449074074,10.0,310.7083449074074,18.0
SR20-04014424,Street Light On During Day Complaint,CDOT - Department of Transportation,2020-04-29 18:27:16,2021-03-16 11:24:23,320.70633101851854,10.0,310.70633101851854,41.0
SR18-00105517,Street Light On During Day Complaint,CDOT - Department of Transportation,2018-08-09 20:56:45,2019-06-26 10:24:47,320.56113425925923,10.0,310.56113425925923,14.0
SR19-01165197,Sewer Cleaning Inspection Request,DWM - Department of Water Management,2019-03-15 10:35:46,2020-01-29 23:11:19,320.5246875,10.0,310.5246875,18.0
SR20-04132264,Water On Street Complaint,DWM - Department of Water Management,2020-05-17 07:37:56,2021-04-02 09:32:19,320.0794328703704,10.0,310.0794328703704,38.0
SR21-00115298,Tree Trim Request (NO LONGER BEING ACCEPTED),Streets and Sanitation,2021-01-21 10:38:11,2021-12-07 11:24:55,320.0324537037037,10.0,310.0324537037037,21.0
SR19-01513079,Sidewalk Inspection Request,CDOT - Department of Transportation,2019-05-17 15:00:39,2020-04-01 15:04:08,320.00241898148147,10.0,310.00241898148147,42.0
SR19-01271674,Tree Removal Inspection,Streets and Sanitation,2019-04-04 12:15:52,2020-02-18 10:12:29,319.91431712962964,10.0,309.91431712962964,1.0
SR25-00484624,Sign Repair Request - All Other Signs,CDOT - Department of Transportation,2025-03-26 21:32:47,2026-02-09 13:44:52,319.6750578703704,10.0,309.6750578703704,18.0
SR19-01250908,Traffic Signal Out Complaint,CDOT - Department of Transportation,2019-04-01 07:18:06,2020-02-14 17:45:59,319.4360300925926,10.0,309.4360300925926,12.0
SR19-02311167,Alley Light Out Complaint,CDOT - Department of Transportation,2019-08-26 15:27:55,2020-07-11 01:25:27,319.4149537037037,10.0,309.4149537037037,22.0
SR19-02587182,Alley Light Out Complaint,CDOT - Department of Transportation,2019-09-26 20:37:37,2020-08-11 06:09:09,319.3968981481481,10.0,309.3968981481481,10.0
SR19-01251186,Traffic Signal Out Complaint,CDOT - Department of Transportation,2019-04-01 08:33:51,2020-02-14 17:45:59,319.3834259259259,10.0,309.3834259259259,12.0
SR19-02486886,Tree Trim Request (NO LONGER BEING ACCEPTED),Streets and Sanitation,2019-09-15 08:12:46,2020-07-30 13:47:42,319.2325925925926,10.0,309.2325925925926,49.0
SR21-01890052,Tree Removal Inspection,Streets and Sanitation,2021-10-26 07:03:16,2022-09-10 11:19:01,319.17760416666664,10.0,309.17760416666664,30.0
SR19-01777762,Tree Planting Request,Streets and Sanitation,2019-06-24 08:58:30,2020-05-08 12:16:50,319.13773148148147,10.0,309.13773148148147,19.0
SR18-00256977,Alley Light Out Complaint,CDOT - Department of Transportation,2018-12-31 14:49:23,2019-11-15 15:56:17,319.0464583333333,10.0,309.0464583333333,21.0
SR19-01198037,Sewer Cleaning Inspection Request,DWM - Department of Water Management,2019-03-21 10:52:41,2020-02-03 09:39:37,318.94925925925924,10.0,308.94925925925924,6.0
SR25-00427735,Sign Repair Request - All Other Signs,CDOT - Department of Transportation,2025-03-17 15:28:55,2026-01-30 12:06:14,318.8592476851852,10.0,308.8592476851852,2.0
SR25-00428091,Sign Repair Request - All Other Signs,CDOT - Department of Transportation,2025-03-17 16:07:33,2026-01-30 08:45:34,318.69306712962964,10.0,308.69306712962964,43.0
SR19-03095014,Check for Leak,DWM - Department of Water Management,2019-12-07 17:04:00,2020-10-21 08:09:16,318.6286574074074,10.0,308.6286574074074,6.0
SR25-00502055,Sign Repair Request - All Other Signs,CDOT - Department of Transportation,2025-03-29 19:49:23,2026-02-11 10:02:43,318.5925925925926,10.0,308.5925925925926,40.0
SR19-01827666,Business Complaints,BACP - Business Affairs and Consumer Protection,2019-06-30 10:33:54,2020-05-13 16:39:00,318.25354166666665,10.0,308.25354166666665,25.0
SR19-02916145,Tree Removal Inspection,Streets and Sanitation,2019-11-09 14:58:28,2020-09-22 12:41:53,317.905150462963,10.0,307.905150462963,47.0
SR25-00520153,Tree Removal Inspection,Streets and Sanitation,2025-04-02 02:39:19,2026-02-13 11:39:28,317.3751041666667,10.0,307.3751041666667,28.0
SR19-01208617,Alley Light Out Complaint,CDOT - Department of Transportation,2019-03-23 08:35:08,2020-02-03 16:27:02,317.3277083333333,10.0,307.3277083333333,22.0
SR20-05335640,Tree Trim Request (NO LONGER BEING ACCEPTED),Streets and Sanitation,2020-10-26 08:45:28,2021-09-08 12:32:14,317.15747685185187,10.0,307.15747685185187,34.0
SR19-01777953,Tree Planting Request,Streets and Sanitation,2019-06-24 09:13:25,2020-05-06 10:30:40,317.05364583333335,10.0,307.05364583333335,38.0
SR19-01519712,Tree Removal Inspection,Streets and Sanitation,2019-05-19 10:03:32,2020-03-31 10:56:33,317.03681712962964,10.0,307.03681712962964,39.0
SR19-02432269,Tree Trim Request (NO LONGER BEING ACCEPTED),Streets and Sanitation,2019-09-09 15:18:27,2020-07-22 12:26:15,316.8804166666667,10.0,306.8804166666667,22.0
SR21-01694649,Tree Trim Request (NO LONGER BEING ACCEPTED),Streets and Sanitation,2021-09-22 20:16:34,2022-08-05 12:19:39,316.66880787037036,10.0,306.66880787037036,28.0
SR19-01666060,Sewer Cleaning Inspection Request,DWM - Department of Water Management,2019-06-09 21:05:28,2020-04-21 10:48:34,316.57159722222224,10.0,306.57159722222224,26.0
SR19-02512160,Alley Light Out Complaint,CDOT - Department of Transportation,2019-09-18 07:34:02,2020-07-30 18:41:46,316.4637037037037,10.0,306.4637037037037,17.0
SR25-00465169,Street Light Out Complaint,CDOT - Department of Transportation,2025-03-24 06:59:24,2026-02-03 15:32:14,316.35613425925925,10.0,306.35613425925925,18.0
SR19-00068204,Alley Light Out Complaint,CDOT - Department of Transportation,2019-01-15 09:57:04,2019-11-27 14:54:12,316.2063425925926,10.0,306.2063425925926,48.0
SR19-01138476,Pothole in Street Complaint,CDOT - Department of Transportation,2019-03-11 12:28:48,2020-01-21 15:22:56,316.1209259259259,10.0,306.1209259259259,
SR19-01668429,Sewer Cleaning Inspection Request,DWM - Department of Water Management,2019-06-10 09:13:34,2020-04-21 10:48:34,316.06597222222223,10.0,306.06597222222223,26.0
SR19-01847693,Business Complaints,BACP - Business Affairs and Consumer Protection,2019-07-02 16:46:19,2020-05-13 16:39:00,315.9949189814815,10.0,305.9949189814815,25.0
SR25-00470554,Sidewalk Inspection Request,CDOT - Department of Transportation,2025-03-24 19:29:29,2026-02-03 10:48:01,315.63787037037036,10.0,305.63787037037036,39.0
SR18-00252502,Alley Pothole Complaint,CDOT - Department of Transportation,2018-12-31 00:35:49,2019-11-11 09:26:09,315.368287037037,10.0,305.368287037037,39.0
SR19-02869630,Alley Light Out Complaint,CDOT - Department of Transportation,2019-11-02 12:40:13,2020-09-12 19:53:08,315.3006365740741,10.0,305.3006365740741,6.0
SR20-04202187,Tree Trim Request (NO LONGER BEING ACCEPTED),Streets and Sanitation,2020-05-26 08:57:37,2021-04-06 12:06:27,315.1311342592593,10.0,305.1311342592593,35.0
SR20-03364628,Alley Light Out Complaint,CDOT - Department of Transportation,2020-01-21 14:28:43,2020-12-01 16:54:05,315.1009490740741,10.0,305.1009490740741,15.0
SR19-01677555,Sewer Cleaning Inspection Request,DWM - Department of Water Management,2019-06-11 08:53:30,2020-04-21 10:48:34,315.0799074074074,10.0,305.0799074074074,26.0
SR19-01477982,Pothole in Street Complaint,CDOT - Department of Transportation,2019-05-13 08:27:52,2020-03-23 09:51:53,315.0583449074074,10.0,305.0583449074074,
SR19-01588992,Street Light On During Day Complaint,CDOT - Department of Transportation,2019-05-29 14:03:49,2020-04-08 14:41:47,315.02636574074074,10.0,305.02636574074074,38.0
SR22-00687521,Pothole in Street Complaint,CDOT - Department of Transportation,2022-04-26 13:42:57,2023-03-07 12:20:37,314.94282407407405,10.0,304.94282407407405,
SR20-03649670,Water Quality Concern,DWM - Department of Water Management,2020-03-06 17:28:41,2021-01-15 15:41:28,314.9255439814815,10.0,304.9255439814815,36.0
SR19-02742080,Street Light Out Complaint,CDOT - Department of Transportation,2019-10-16 19:03:08,2020-08-26 15:26:10,314.8493287037037,10.0,304.8493287037037,27.0
SR19-01600397,Street Light On During Day Complaint,CDOT - Department of Transportation,2019-05-30 20:34:31,2020-04-09 15:04:21,314.7707175925926,10.0,304.7707175925926,38.0
SR19-01920092,Alley Light Out Complaint,CDOT - Department of Transportation,2019-07-11 11:52:19,2020-05-21 06:19:49,314.76909722222223,10.0,304.76909722222223,8.0
SR19-00029900,Alley Light Out Complaint,CDOT - Department of Transportation,2019-01-07 18:26:26,2019-11-18 12:12:25,314.7402662037037,10.0,304.7402662037037,35.0
SR20-04071379,Water On Street Complaint,DWM - Department of Water Management,2020-05-07 23:12:50,2021-03-18 08:45:11,314.39746527777777,10.0,304.39746527777777,30.0
SR21-01691010,Tree Trim Request (NO LONGER BEING ACCEPTED),Streets and Sanitation,2021-09-22 11:22:56,2022-08-02 13:54:44,314.10541666666666,10.0,304.10541666666666,10.0
SR20-05386547,Tree Trim Request (NO LONGER BEING ACCEPTED),Streets and Sanitation,2020-11-03 11:48:30,2021-09-13 09:57:07,313.92265046296296,10.0,303.92265046296296,47.0
SR19-01165887,Pothole in Street Complaint,CDOT - Department of Transportation,2019-03-15 11:53:29,2020-01-23 09:05:21,313.88324074074075,10.0,303.88324074074075,35.0
SR19-01131570,Pothole in Street Complaint,CDOT - Department of Transportation,2019-03-09 16:09:47,2020-01-17 11:51:29,313.820625,10.0,303.820625,
SR20-03508121,Pothole in Street Complaint,CDOT - Department of Transportation,2020-02-12 15:50:12,2020-12-22 11:17:20,313.8105092592593,10.0,303.8105092592593,
SR21-01185188,Sidewalk Inspection Request,CDOT - Department of Transportation,2021-07-08 15:00:56,2022-05-18 09:42:09,313.7786226851852,10.0,303.7786226851852,41.0
SR19-01106742,Check for Leak,DWM - Department of Water Management,2019-03-05 03:58:14,2020-01-12 16:31:50,313.5233333333333,10.0,303.5233333333333,16.0
SR19-01107429,Check for Leak,DWM - Department of Water Management,2019-03-05 08:54:23,2020-01-12 16:31:50,313.3176736111111,10.0,303.3176736111111,16.0
SR25-00458458,Sign Repair Request - All Other Signs,CDOT - Department of Transportation,2025-03-22 10:48:44,2026-01-29 14:25:11,313.1503125,10.0,303.1503125,8.0
SR19-01472527,Pothole in Street Complaint,CDOT - Department of Transportation,2019-05-11 12:36:25,2020-03-19 15:07:45,313.1050925925926,10.0,303.1050925925926,
SR21-00053603,Tree Trim Request (NO LONGER BEING ACCEPTED),Streets and Sanitation,2021-01-11 10:11:38,2021-11-20 12:03:00,313.077337962963,10.0,303.077337962963,47.0
SR19-02087589,Alley Light Out Complaint,CDOT - Department of Transportation,2019-07-31 15:40:06,2020-06-08 16:06:51,313.0185763888889,10.0,303.0185763888889,20.0
SR19-01691947,Tree Planting Request,Streets and Sanitation,2019-06-12 15:10:10,2020-04-20 10:14:46,312.7948611111111,10.0,302.7948611111111,1.0
SR19-00006828,Alley Light Out Complaint,CDOT - Department of Transportation,2019-01-02 16:48:23,2019-11-11 08:00:26,312.63336805555554,10.0,302.63336805555554,6.0
SR21-00997984,Tree Planting Request,Streets and Sanitation,2021-06-11 23:56:54,2022-04-20 15:04:51,312.6305208333333,10.0,302.6305208333333,29.0
SR19-00007648,Alley Pothole Complaint,CDOT - Department of Transportation,2019-01-02 21:13:43,2019-11-11 09:26:09,312.5086342592593,10.0,302.5086342592593,39.0
SR20-04089623,Tree Trim Request (NO LONGER BEING ACCEPTED),Streets and Sanitation,2020-05-11 12:53:47,2021-03-19 13:45:34,312.03596064814815,10.0,302.03596064814815,31.0
SR20-04712291,Tree Trim Request (NO LONGER BEING ACCEPTED),Streets and Sanitation,2020-07-31 13:46:08,2021-06-08 13:25:20,311.98555555555555,10.0,301.98555555555555,36.0
SR21-01724994,Tree Trim Request (NO LONGER BEING ACCEPTED),Streets and Sanitation,2021-09-28 08:51:39,2022-08-06 08:24:15,311.98097222222225,10.0,301.98097222222225,40.0
SR19-02641154,Tree Trim Request (NO LONGER BEING ACCEPTED),Streets and Sanitation,2019-10-03 14:20:59,2020-08-10 12:59:15,311.94324074074075,10.0,301.94324074074075,45.0
SR25-00552777,Tree Removal Inspection,Streets and Sanitation,2025-04-07 13:27:54,2026-02-13 11:39:28,311.92469907407406,10.0,301.92469907407406,28.0
SR19-02112162,Alley Light Out Complaint,CDOT - Department of Transportation,2019-08-03 12:51:17,2020-06-10 08:50:47,311.8329861111111,10.0,301.8329861111111,22.0
SR18-00161234,No Building Permit and Construction Violation,DOB - Buildings,2018-09-16 21:09:00,2019-07-25 15:54:16,311.78143518518516,10.0,301.78143518518516,43.0
SR19-00011377,Alley Pothole Complaint,CDOT - Department of Transportation,2019-01-03 16:08:21,2019-11-11 09:23:00,311.71850694444447,10.0,301.71850694444447,
SR19-00090166,Alley Light Out Complaint,CDOT - Department of Transportation,2019-01-19 17:01:53,2019-11-27 08:25:17,311.64125,10.0,301.64125,20.0
SR21-00663362,Tree Planting Request,Streets and Sanitation,2021-04-22 18:32:00,2022-02-28 06:40:38,311.5059953703704,10.0,301.5059953703704,14.0
SR19-01942172,Alley Light Out Complaint,CDOT - Department of Transportation,2019-07-14 15:50:28,2020-05-20 23:10:10,311.3053472222222,10.0,301.3053472222222,13.0
SR19-03146751,Alley Light Out Complaint,CDOT - Department of Transportation,2019-12-16 12:41:27,2020-10-22 15:57:41,311.1362731481481,10.0,301.1362731481481,6.0
SR19-01185782,Tree Removal Inspection,Streets and Sanitation,2019-03-19 11:55:55,2020-01-24 14:06:48,311.0908912037037,10.0,301.0908912037037,27.0
SR18-00161556,No Building Permit and Construction Violation,DOB - Buildings,2018-09-17 14:15:00,2019-07-25 16:01:05,311.0736689814815,10.0,301.0736689814815,43.0
SR18-00161553,No Building Permit and Construction Violation,DOB - Buildings,2018-09-17 14:12:04,2019-07-25 15:57:05,311.07292824074074,10.0,301.07292824074074,43.0
SR19-01764798,Street Light On During Day Complaint,CDOT - Department of Transportation,2019-06-21 15:03:38,2020-04-27 16:06:15,311.0434837962963,10.0,301.0434837962963,4.0
SR25-00495419,Sidewalk Inspection Request,CDOT - Department of Transportation,2025-03-28 13:50:02,2026-02-02 13:55:40,311.003912037037,10.0,301.003912037037,45.0
SR19-01209181,Tree Removal Inspection,Streets and Sanitation,2019-03-23 11:07:43,2020-01-28 09:42:06,310.9405439814815,10.0,300.9405439814815,41.0
SR18-00252996,Water On Street Complaint,DWM - Department of Water Management,2018-12-31 08:11:23,2019-11-07 06:32:23,310.93125,10.0,300.93125,47.0
SR19-01620566,Tree Removal Inspection,Streets and Sanitation,2019-06-03 12:48:21,2020-04-09 10:09:41,310.8898148148148,10.0,300.8898148148148,45.0
SR25-00464341,Sign Repair Request - All Other Signs,CDOT - Department of Transportation,2025-03-23 21:25:45,2026-01-28 14:54:51,310.7285416666667,10.0,300.7285416666667,14.0
SR19-02609866,Tree Trim Request (NO LONGER BEING ACCEPTED),Streets and Sanitation,2019-09-30 08:38:31,2020-08-05 15:34:59,310.28921296296295,10.0,300.28921296296295,33.0
SR19-01343954,Street Light On During Day Complaint,CDOT - Department of Transportation,2019-04-17 12:27:48,2020-02-21 19:08:39,310.2783680555556,10.0,300.2783680555556,21.0
SR18-00161701,No Building Permit and Construction Violation,DOB - Buildings,2018-09-18 10:12:00,2019-07-25 16:06:03,310.24586805555555,10.0,300.24586805555555,43.0
SR18-00240985,Alley Light Out Complaint,CDOT - Department of Transportation,2018-12-27 16:58:18,2019-11-02 16:09:18,309.9659722222222,10.0,299.9659722222222,28.0
