date,England,Wales,Scotland,North East,North West,Yorkshire and The Humber,East Midlands,West Midlands,East England,London,South East,South West
2015-01-01,100.0,100.0,100.0,100.0,100.0,100.0,100.0,100.0,100.0,100.0,100.0,100.0
2015-02-01,100.16515420629453,100.06038840762854,100.09963029053677,100.02254433479301,99.99900176497789,100.01105240270365,100.06269203994866,100.11389195211568,100.12302564725522,100.27093630649506,100.1892183776219,100.09960679289671
2015-03-01,100.36246747205576,100.07240663194948,100.11332269502722,100.1402449308766,99.99312788065168,100.02545799067933,100.14399546862242,100.22538292286576,100.31201972838713,100.62395400641955,100.33919044845712,100.18354710972743
2015-04-01,100.60705284161544,100.14834899720873,100.24360023788957,100.1930761132747,100.05168167694806,100.13501469239287,100.5313074699126,100.3696012982321,100.57469157831893,100.93895504973463,100.57141716913165,100.42891888579697
2015-05-01,100.92835642842199,100.17739902642701,100.3315504762063,100.28471673220993,100.1029504856381,100.2209160796355,100.73454342072785,100.59218616229894,100.79720853178252,101.54275664803525,100.72455622146978,100.5470568931414
2015-06-01,101.11236682784599,100.2350595157332,100.45899558268434,100.31661688228748,100.12380477575755,100.22492193078116,100.83090862821689,100.81147370463508,101.15947378415756,101.80018790905069,100.89499236812082,100.61372384539604
2015-07-01,101.23979116340638,100.23872295867169,100.48717926518047,100.32862824373507,100.21005878809991,100.3982416567005,100.95059106350529,100.99233030323104,101.30184370912491,101.96153144054487,100.999660654934,100.61639566210003
2015-08-01,101.64455025793102,100.14561053348197,100.67878587342149,100.42253601525198,100.41478545433901,100.61304452104316,101.12226455841002,101.09670696615403,101.43409408217552,102.65851631393919,101.31754637933837,100.92250724328015
2015-09-01,101.76491645323449,100.09151340834161,100.79064751862484,100.369423970242,100.42954544136788,100.62494462193403,101.36690680961192,101.21602444520855,101.61525232523294,102.753453502219,101.57964101161572,100.97832496346754
2015-10-01,101.96978969151161,100.05411459708704,100.81771489487137,100.43719555902967,100.56838318690274,100.70616314755583,101.60207969907475,101.32408320086522,101.90231442499478,103.0209630793465,101.7576897286504,101.11783457041625
2015-11-01,102.21856501090582,100.28112425369294,100.64405173518782,100.56427292531384,100.82815198664419,100.75175978658038,101.8815460752212,101.43066096698767,102.26700464752669,103.28027105024795,102.08129326383141,101.32891647504611
2015-12-01,102.34422543592625,100.21828364629728,100.60364715954799,100.64380190896532,100.85535696418668,100.75976028865735,102.02385349002955,101.56850920881449,102.4862028548589,103.37874354695742,102.4899061618357,101.11907541390018
2016-01-01,102.73663062922276,100.25137076101014,100.77556688362286,100.86397309068467,100.98721731527212,101.18159604116062,102.30526448673196,101.7759828353841,102.90650634351401,103.92407400652048,102.85945968235612,101.29186459766997
2016-02-01,102.92070723364336,100.24577457714115,100.78548189827762,100.92089431156879,101.01004132616029,101.30399041789313,102.48102290768955,101.89398674207611,103.15644934471548,104.1235208455271,103.09167777354169,101.52374266266139
2016-03-01,103.1307727754629,100.26978430102298,100.71794373743919,100.93968327630824,101.09813466288502,101.27453277143161,102.83957128740721,102.10936816208316,103.3110816263728,104.38602062233939,103.28143329662622,101.8427433930156
2016-04-01,103.39952380680553,100.31065810562542,100.75500335229006,100.968171533388,101.19001020999052,101.39677553350512,103.15360716606467,102.22904761103608,103.63395308855974,104.71913905290945,103.66832869522698,101.94983194393555
2016-05-01,103.59079244354635,100.21113666804425,100.7394592172342,101.05807389438996,101.33030444491024,101.43394673771601,103.1085152890262,102.32601778428847,104.0546177763904,104.8447441686828,104.14395297598938,102.06846811426726
2016-06-01,103.68909577472745,100.15057021473659,100.5340029646171,101.1333991579676,101.28799238515016,101.4928079471761,103.25060933782821,102.40969593198581,104.24882480668191,104.89015784150307,104.32520876265727,102.29942037960878
2016-07-01,103.83584243583716,100.20249121313525,100.68603257654387,101.1946669950658,101.41154435994974,101.70053392885718,103.42911830083843,102.5189825284714,104.44783990539331,104.99595679215739,104.54695478100477,102.43950328929627
2016-08-01,104.11926518049314,100.23956600237189,100.70437928704175,101.33083542188608,101.5433198243924,101.9515871491599,103.55572932267995,102.89259804782421,104.73351115279425,105.32660706717267,104.73830350153746,102.91274188883644
2016-09-01,104.3138611723202,100.21988355818867,100.68263427873245,101.41462123146955,101.71533047459526,102.14162646372667,103.73453223441558,103.10425979534321,104.69905312220573,105.50255990015074,105.09871755759046,103.16023395062828
2016-10-01,104.5220148369088,100.43168541719245,100.59974417457704,101.57487374789858,101.88553989431219,102.183854938636,104.02196018763243,103.4548283975041,105.18647867056892,105.66245623904085,105.21001496202192,103.52110111709922
2016-11-01,104.70491492022447,100.55422108006246,100.72037410389858,101.69800550829748,101.96418415359712,102.34756439921358,104.46507921885757,103.62257447067324,105.41481567179287,105.73485506298465,105.57631291630602,103.79109023461248
2016-12-01,104.89801457631157,100.55997711153654,100.74164186161556,101.7483105642439,102.06103703178859,102.54076344431861,104.8285467947004,103.79256134888448,105.53806871847544,105.84535767443077,106.00362268460506,104.02348066045775
2017-01-01,105.13646259468005,100.68792510717668,100.84135676961364,101.72652325521267,102.21133255442713,102.72228299135351,105.1588932636331,103.96425130735214,106.041910092659,106.0761870446719,106.2684306514829,104.16007364195437
2017-02-01,105.2434668165296,100.76886528397044,100.74118347143275,101.8063780285504,102.26332790761911,102.84563911404479,105.31149277889205,104.17685428735754,106.04035139241044,106.13336770522793,106.49837242974442,104.30886563106019
2017-03-01,105.29403141232312,100.93920342991206,100.60266843335765,101.68404655636985,102.42321600449176,102.93928752113943,105.42374343681054,104.1806273707764,106.25191050066687,106.02717700597549,106.74969530103198,104.42405076856144
2017-04-01,105.43259738410897,100.98891651590426,100.7078727127919,101.660376993315,102.53363439850762,103.1387766630804,105.5617335851882,104.45206705415752,106.41726380281251,106.13833032265678,106.92556558642003,104.52476542012296
2017-05-01,105.53726902384362,101.09400627005702,100.6656360746302,101.64811064047872,102.6606687139029,103.17071226448557,105.67949807094578,104.51802831741168,106.45195153516276,106.25447626641986,107.07092871978983,104.6589732573594
2017-06-01,105.62232535834765,101.25752831973934,100.69700249016478,101.65262676048854,102.7785711547736,103.22874641868505,105.95839979140773,104.66023918624825,106.67991410479347,106.26094959267537,107.2112826608935,104.71148814268756
2017-07-01,105.82141329863899,101.46298345645144,100.85930645517082,101.70565801357516,102.82108525250675,103.35266184742149,106.2893648385711,104.79975054952102,106.90134414574639,106.52565737236704,107.31564759841046,104.97846893124532
2017-08-01,105.91596031769168,101.58437234015251,100.97032658933294,101.71027651654445,102.93946954050095,103.72431493387417,106.4690536831064,104.99020975977098,106.94762372991491,106.54516850872365,107.43311196653083,105.09002749652761
2017-09-01,106.01525344898694,101.59201569490517,100.95128209872779,101.7871652948408,103.08313642737536,103.80222152920288,106.74610103015294,105.07386238657325,107.22992940306251,106.47188276448547,107.68826420575614,105.36076777989601
2017-10-01,106.11778154511107,101.98440179853232,100.95761776677743,101.77894577053293,103.21811980607454,103.90251722218548,107.0653560724845,105.20324788989967,107.38972876791237,106.48636153733273,107.78576478103408,105.66428867475291
2017-11-01,106.18997303213204,101.99794959469286,100.9583786102789,101.68162040115129,103.28602381206429,103.94465610599528,107.33412705570046,105.4567707584659,107.60424487649196,106.3649651485743,108.0355485631996,105.95065735905234
2017-12-01,106.235136999827,102.23699255282793,101.14674572818426,101.81704279109114,103.40130592202057,104.02142434833692,107.59184455417956,105.62290924767532,107.81347889366455,106.23343253509793,108.1502811171784,106.16332375922342
2018-01-01,106.32840934804142,102.1249960802419,101.13393270996842,101.77296282747501,103.52300698718078,104.09576281218938,107.84857575741356,105.76081502327752,108.09014147419911,106.25020909504019,108.21499036389713,106.36985795072063
2018-02-01,106.41536994377879,102.13400992456624,101.12747043795194,101.83672458128842,103.6130747703407,104.27397046472737,107.99141338103813,105.91560567749102,108.24220083312039,106.23948885169932,108.34485921862853,106.53841158272293
2018-03-01,106.44138109792527,102.196038989617,101.26188458616842,101.87910364987663,103.68730212033535,104.3361055403898,108.2750963465679,106.09765073316603,108.2205366023923,106.11174928989793,108.52497686922709,106.60430744014151
2018-04-01,106.51323373965347,102.28794656622513,101.27564668120638,101.79038048452651,103.78433381618046,104.41178598006131,108.52117100073635,106.24241873078162,108.35977302786965,106.08926992278731,108.66686743430903,106.71827767684326
2018-05-01,106.58026226317263,102.32116609384987,101.26389738405726,101.78325341149073,103.83968385909739,104.50676548009999,108.7292298731531,106.29724259340834,108.59827023569844,106.07885762458142,108.76474436639178,106.794038771493
2018-06-01,106.65334177477052,102.38654971554644,101.30178632378046,101.8717806688744,103.9296679006329,104.72836660212417,108.92878917020523,106.40142190331238,108.71997982667656,106.0764038219533,108.82755217302436,106.8941581916971
2018-07-01,106.77093994864752,102.51418487797478,101.35893663094092,101.78904992934712,103.97677973634711,104.77758918211345,109.1615641982361,106.48030746779453,108.801757405481,106.23182636579745,108.96072791291877,107.01463342829052
2018-08-01,106.89623743431676,102.5638331120981,101.43118311207941,101.87151738138446,104.08892409687485,105.11840498833922,109.41655046400989,106.66503261774632,108.95479742445508,106.25390243203515,109.06658289896596,107.27277220347354
2018-09-01,107.02130497118054,102.65092710937847,101.56235897137256,101.94780776313107,104.1437064812089,105.43546614940082,109.8534128991901,106.86679189235333,109.25333703307851,106.26943306611835,109.16558788580592,107.38835230656782
2018-10-01,107.09298744467577,102.74858936429506,101.59439586936791,102.07592599689536,104.21955496948424,105.45151718110387,110.00156508506205,107.1014546256303,109.31093553273463,106.29879791971784,109.20772597415672,107.55326120351849
2018-11-01,107.20225137642086,102.93337603248318,101.46962814728823,102.05488917985713,104.30614987814921,105.74971165760951,110.18139283053243,107.38496888810778,109.44540101436225,106.34773908471296,109.32422601138079,107.60663666366396
2018-12-01,107.35173881892027,103.06903579620344,101.72932040338205,102.1398428776465,104.44822229120976,105.8434409067857,110.28556733772771,107.56296509646712,109.53909808270153,106.40081278594826,109.68712657569797,107.87592132550976
2019-01-01,107.4465717467815,103.05363444217328,101.8477222274405,102.15112101098353,104.62176696360714,106.02244291126748,110.46247316867637,107.64100078331671,109.51329027980418,106.36326811209776,109.88743238884338,108.24999110312274
2019-02-01,107.57731330798129,103.25256404381145,101.84569604012015,102.11692287012897,104.7570211225491,106.18305448087328,110.61673621903346,107.80056473291675,109.62989809354357,106.46223613522345,110.06984529553432,108.42490223974475
2019-03-01,107.69225239178472,103.32483676313373,101.94495537198705,102.16922451205164,104.92850721692524,106.25652106806787,110.76329455118996,107.83714261053746,109.76320118001048,106.60373320482293,110.17667334932304,108.46362148596637
2019-04-01,107.78888347096482,103.43101579601388,102.01713761860051,102.22438693374718,105.08979237117684,106.3119189945536,110.85055135223226,107.9742787495843,109.78854565879695,106.65708521860498,110.39758790362049,108.56934166142389
2019-05-01,107.971173019794,103.45258978509663,102.0522424392649,102.34260792871508,105.17150744233292,106.42687254300571,111.00643704265971,107.77851365590291,109.94463707373659,106.99150142380789,110.38694554482025,108.8906223103758
2019-06-01,108.07572731209633,103.46602417557425,102.23138864304889,102.35855973040238,105.31163474008096,106.62356534325686,111.26463662296362,108.00632580673235,110.08698896583937,107.01666161901733,110.52207574854268,108.99122992779762
2019-07-01,108.22082679017346,103.58773869146836,102.25415608075537,102.49351183293618,105.38162309578243,106.74874522596743,111.40595641024251,108.14627268056547,110.19693376245118,107.18739829369844,110.66054014302591,109.16232223771519
2019-08-01,108.28123652413485,103.79150828706491,102.3941143804134,102.43628262670931,105.46137420916202,106.77753671183838,111.52868036801131,108.30871018471075,110.41585201904742,107.13629240326561,110.7715551163202,109.38536464043355
2019-09-01,108.43157173393334,103.86924664652915,102.37902296298947,102.52468759744507,105.46628593633926,107.32186846149956,111.72842523673776,108.42892340970354,110.56374622628043,107.23318734911315,110.89097929018597,109.62566271764172
2019-10-01,108.56086637571971,103.94408262633034,102.26895389210091,102.5336626118102,105.5173289577052,107.39297134881546,112.06091391089055,108.56775318712349,110.6702492089644,107.30445375436366,111.08629537410506,109.93916637352991
2019-11-01,108.72192640378306,103.99242154861594,102.42824520105512,102.56345412736935,105.62578774067207,107.7726996362899,112.50790091552321,108.83223688064942,110.98311869231536,107.37599410444577,111.18292511312433,110.11248588728722
2019-12-01,108.88714558414334,104.29166827974609,102.35606862870404,102.69763285126379,105.67801358711826,107.84483048083338,112.59499655022347,108.97792018192925,111.13225181084854,107.64130736431487,111.24525257375468,110.28235679315065
2020-01-01,109.07104478255387,104.37353725629485,102.42176755242487,102.79819985959197,105.73197005814565,108.16471824892375,112.9359835399361,109.40895806926338,111.31150818233564,107.7168551106993,111.38111285582724,110.76999054242096
2020-02-01,109.10321093876023,104.52551702883277,102.42349214754076,102.84067310939693,105.79029963404625,108.18476371240232,113.05072154646014,109.46560250509432,111.43594063857505,107.6813157219046,111.42223619435264,110.88641498154081
2020-03-01,109.25112637378433,104.56096986131129,102.56135766061601,102.85906336313727,105.9277742448697,108.36832392963755,113.32819177637047,109.5346467831772,111.48556785130019,107.91011283433696,111.43763998205087,111.04030088954006
2020-04-01,109.42019048938312,104.47919730291251,102.71716687678875,102.9436885230603,106.04334026462921,108.47655161638103,113.53856298592537,109.85996151410137,111.72625034664546,108.03903192311289,111.52054563584323,111.4385861407369
2020-05-01,109.61316482644648,104.66187702469566,102.71150494961879,103.16585057754612,106.27430440357773,108.78884261094632,113.73740320988071,110.14136713296014,111.85091396419222,108.22805193717333,111.67067668461644,111.59697154719646
2020-06-01,109.70614689615921,104.92375741638185,102.81865375152792,103.33699474711588,106.40839902540395,108.86421533098138,113.87844914473271,110.24231652282646,111.85873857311654,108.33256344783624,111.69601370225139,111.76695736519602
2020-07-01,109.78110049170711,105.25282124520218,102.83774213632546,103.43911192362422,106.49588839821791,108.97844721485089,114.03928671722132,110.39074481985782,111.95780195656013,108.33720710371004,111.77595926308632,111.94544334035979
2020-08-01,109.92675242022656,105.29390366977019,102.871632310007,103.51178015804116,106.69651604028519,109.01187479957444,114.18951792639878,110.57340456788394,112.08829098753013,108.51793395895461,111.85935026255392,112.09950356601463
2020-09-01,110.07233844289016,105.4369055106798,102.99264422830467,103.66078134214969,106.85716760573531,109.16865561799185,114.6134432329426,110.88687431227969,112.21712156713181,108.55574510516028,112.05515687789595,112.31132170353963
2020-10-01,110.10332173769936,105.55662777538632,103.10779630010711,103.72521125780523,107.02352345110593,109.69492970521108,114.73024741191664,111.09791391762845,112.43693201726745,108.24797518290039,112.28362106514574,112.5071596653725
2020-11-01,110.23916378698806,105.68007182088839,103.05608784335351,103.84447046705444,107.1994173969286,109.57528217201273,115.00525844233462,111.26101285382543,112.43878522090446,108.51547171968845,112.20002964074742,112.68946440544619
2020-12-01,110.38493055776057,105.83221469214547,103.27258814840707,103.95493381834132,107.31254970042505,109.61321777836818,115.24434564263125,111.3543045406151,112.65732719498496,108.56681822411667,112.40966500614815,113.129706867762
2021-01-01,110.43970066488691,106.05990003969958,103.4191549682421,104.02021332436891,107.55930761897822,109.73222057814193,115.4123533143117,111.3675993268221,112.70818970390613,108.55169396526037,112.46870911102131,113.20286188444453
2021-02-01,110.55083924295886,106.07862536996933,103.52520518337388,104.2588729363588,107.77890453096428,109.94884840446512,115.58105313380463,111.49429383093357,112.87064563371875,108.54499294603124,112.56782082395529,113.48413572103134
2021-03-01,110.62182925425088,106.13679179841728,103.59939579454098,104.31620443438756,107.97171788059823,110.1104821542374,115.71035879748473,111.6316938772138,112.96127151463725,108.45086846502126,112.73331063921515,113.75651062737526
2021-04-01,110.67940633399476,106.14631230807163,103.8525734465396,104.40463284483283,108.19258801105332,110.29178283471049,116.12371264426515,112.18430780389998,113.23373605718909,108.13884996156817,112.92750439926978,114.00723548096852
2021-05-01,110.82249746404838,106.26139730951378,104.00287508623587,104.60722159470637,108.3777259585581,110.50347051368435,116.51909297739569,112.52102932577577,113.5691395341939,108.13268393251454,113.04413945423555,114.2059242337378
2021-06-01,110.96294802204143,106.45690803430934,104.03870487705392,104.72698061916479,108.50128348549302,110.66350600030141,116.65850311736432,112.86354608944814,113.76016990108235,108.21433893765573,113.18806431339468,114.39032908321931
2021-07-01,111.10568476078784,106.447782673447,104.17344557897503,104.89723984566785,108.69455929615832,110.79310479751379,116.94704781477327,112.98163958711449,114.0632425643805,108.17906753841618,113.45500315821681,114.72677908259337
2021-08-01,111.2533171698502,106.51230797122915,104.47207256879794,105.03309007807779,109.04048369747228,110.97103358831318,117.26269316414948,113.1454487938424,114.36755625561008,108.12306693094014,113.68929299712434,115.05081513573592
2021-09-01,111.49613907230453,106.69057996300862,104.61013458890992,105.353210542464,109.30044356978645,111.2163787431222,117.728558310603,113.35612389353973,114.77921996514434,108.25720796828189,113.93445893327412,115.39297824692673
2021-10-01,111.77659282130898,106.78138900549148,104.78546247896577,105.59218336805863,109.59447641669375,111.52049999813,118.10241720963752,113.57672846193165,115.39940775206165,108.36578151615306,114.25063107858917,115.90991162656319
2021-11-01,112.02492300425871,107.34375228004652,105.13440512173477,105.80697675711497,109.99234731530309,111.9672495365656,118.5745751746899,114.107179980821,115.83203546354972,108.39051015695806,114.53710067113529,116.19643036253187
2021-12-01,112.32147880257521,107.4363951595855,105.67313741367815,106.09955372528472,110.50377189057873,112.47534080901602,119.04416755720942,114.53849795320734,116.23819485185125,108.44449232704561,114.95018122786544,116.58815962658113
2022-01-01,112.63975633988628,107.54818813277267,106.10295586465466,106.34639585893161,110.90588030723698,112.90360287011679,119.5811301533702,114.87365794634724,116.50721603536536,108.63266482590326,115.26895541083549,117.18125234003382
2022-02-01,112.86741456854132,107.56742579812966,106.2634350363809,106.60569572769386,111.17125244179537,113.17725335272397,119.9269908554433,115.12641783475543,116.79903366684516,108.77938822170266,115.55004330348486,117.41504156265532
2022-03-01,113.09116779416304,107.78268701558547,106.47317471319602,106.7720573614132,111.53353423580144,113.43056192994545,120.15621219154897,115.27442038338347,117.08866978648938,108.92534723948866,115.85099894895157,117.67808411283917
2022-04-01,113.46451595559293,107.98928027556414,106.81566136631588,107.06663862867165,111.88897574441938,113.79541172969638,120.75417789331024,115.56155831088697,117.4155505286915,109.2900986189627,116.16317583253979,118.19372769660501
2022-05-01,113.87413225336238,108.33330158380868,107.21600780018514,107.39017372567761,112.24106403600138,114.02267083636511,121.26930098932593,115.98177469507024,117.92670665144236,109.70699531330727,116.50729535020068,118.72391525874428
2022-06-01,114.22932949108235,108.51538698348446,107.67182422083903,107.68657437364175,112.59488280307319,114.20727018375996,121.62273198705336,116.39777530671851,118.35612412514598,110.05362605356277,116.93757131312925,119.03006869261696
2022-07-01,114.621749719217,108.65081640876222,107.99512200153816,107.96282703895787,113.0113668320966,114.55291999796928,121.9713193571636,116.6850636474474,118.71661346733215,110.50270443262575,117.35859577955323,119.32809585412024
2022-08-01,115.02226597651568,109.15141097732305,108.18302300658378,108.19351732391928,113.51587195597183,115.10967547787627,122.56089962382109,117.00724731284109,119.04675724760475,110.85074465306988,117.64407019304078,119.95814460426256
2022-09-01,115.47997627887679,109.55890936347518,108.66735424260906,108.59705950177595,114.01685203629413,115.70110630576468,123.29681501447713,117.59367721766833,119.52666919118131,111.29330528938341,117.85230774554454,120.46832540575294
2022-10-01,115.86542377845814,110.15906551920057,109.19910521906198,109.1218091698388,114.50605720551627,116.09553161795097,123.76680041516349,117.99215172928075,119.98929093513058,111.589292481076,118.25073501148171,120.91321028593207
2022-11-01,116.39252164579842,110.68600940214239,109.77752060457613,109.53643060828522,115.19728286351155,116.50218138844168,124.56466449232302,118.4065709931455,120.46191334940141,112.1809562344331,118.67566221919361,121.29700974921991
2022-12-01,116.95699410169044,111.21810614222476,110.35609527154034,110.09815129731555,115.61971325126427,117.17546555941847,125.0312057324336,118.96191788689224,121.0461372008147,112.79313235219878,119.28552768054716,121.68420795349881
2023-01-01,117.5027029876468,111.73077367378639,110.88757572652203,110.6659282781596,116.09336628552347,118.0176586918398,125.51606464012823,119.37701846317293,121.53716549815104,113.31072448890835,119.83170659824056,122.3391885158797
2023-02-01,117.90214613803163,112.1117684088245,111.45542784802089,111.05576398257743,116.47561885429496,118.32099675951066,125.85611031753223,119.72958696227758,121.916136780335,113.73431352565872,120.25791755245412,122.7821220566657
2023-03-01,118.34361247256639,112.49693134245024,111.86768840078776,111.34153264544166,116.79902412726932,118.89051178233969,126.24301625473908,120.18537453005418,122.4006967195255,114.16910589824623,120.7115352188499,123.25158776226685
2023-04-01,118.8450059466932,113.22465211406663,112.40682616632935,111.60672749692063,117.2072706777006,119.44664260216177,126.62874317251853,120.86374120005922,122.82586189019413,114.74248669773928,121.20213096960417,123.62164921968582
2023-05-01,119.41723261834798,113.70364992158719,113.0579387953613,112.02083568079719,117.7888669907738,119.82961255923254,127.17734757146957,121.99189655589082,123.37503665064136,115.32723802325762,121.63938648609214,124.18708365585991
2023-06-01,120.00249675855285,114.76274421856954,113.6224714026515,112.37895642365294,118.34320164031327,120.22846568939016,127.65251687690171,122.73402996718015,123.92195927894755,115.93927590135016,122.29315671381225,124.78913764321314
2023-07-01,120.58901122911796,115.66540932411075,114.12263869521311,112.89062104117545,118.84006896010465,120.84195671374944,128.2131245809387,123.09638750713083,124.55243853890173,116.5659058584009,123.02837417425773,125.19990197297737
2023-08-01,121.28895012950932,116.19401066747305,114.68919561013364,113.41643621553207,119.35480446413543,121.23141226100145,128.80584204671703,123.74389594138636,125.13903562417899,117.42998606353913,123.84196171737972,125.76291978298457
2023-09-01,121.97882992134379,117.0636962226475,115.21846092203718,113.742589323041,119.98473328880085,121.95730099773895,129.70155969942644,124.30053023524965,125.75271969515099,118.1793098314194,124.4286492402292,126.57304011767228
2023-10-01,122.8319745755342,117.8031930423128,115.99312528057312,114.21528406140035,120.54062401222598,122.91471525977553,130.8079469459169,124.92977710192545,126.52847202388821,119.18832850055152,125.06028116449626,127.55884096666763
2023-11-01,123.52827415852137,118.76568828410994,116.62747794793546,114.64709013334966,121.36245508246186,123.75294739451672,131.57626579153458,125.47380228963219,127.11960260842956,119.90175715551655,125.72753517635762,128.269121343996
2023-12-01,124.08158643144411,119.15099884225681,117.27509247953513,115.13201485689125,122.00482783870098,124.22685345796003,132.09082496919842,125.84487748756783,127.5535433274321,120.49630712272807,126.45909026245403,128.6656866348255
2024-01-01,124.72020612480581,119.5279187006511,118.4184930921192,115.88109329355774,122.72402672984481,124.58524203444668,132.78999653020756,126.73253495407444,128.1403919875677,121.18508486765629,127.02839009195569,129.18471576429437
